song_id,release_id,track_number,song_title
1,1,2,ぐるぐるカーテン
2,1,3,おいでシャンプー
3,1,4,走れ！Bicycle
4,1,5,制服のマネキン
5,1,6,君の名は希望
6,1,7,ガールズルール
7,1,8,バレッタ
8,1,9,気づいたら片想い
9,1,10,夏のFree & Easy
10,1,11,何度目の青空か？
11,1,12,誰かは味方
12,1,13,革命の馬
13,1,14,僕がいる場所
14,2,1,命は美しい
15,2,2,太陽ノック
16,2,3,今、話したい誰かがいる
17,2,4,ハルジオンが咲く頃
18,2,5,きっかけ
19,2,6,太陽に口説かれて
20,2,7,欲望のリインカーネーション
21,2,8,悲しみの忘れ方
22,2,9,空気感
23,2,11,無表情
24,2,12,あらかじめ語られるロマンス
25,2,13,隙間
26,2,14,急斜面
27,2,15,羽根の記憶
28,2,16,乃木坂の詩
29,3,1,裸足でSummer
30,3,2,サヨナラの意味
31,3,3,インフルエンサー
32,3,4,シークレットグラフィティー
33,3,5,ブランコ
34,3,6,風船は生きている
35,3,7,スカイダイビング
36,3,8,三番目の風
37,3,9,流星ディスコティック
38,3,10,忘却と美学
39,3,11,2度目のキスから
40,3,13,行くあてのない僕たち
41,3,14,当たり障りのない話
42,4,1,左胸の勇気
43,4,2,狼に口笛を
44,4,3,涙がまだ悲しみだった頃
45,4,4,春のメロディー
46,4,5,13日の金曜日
47,4,6,扇風機
48,4,7,初恋の人を今でも
49,4,8,生まれたままで
50,4,9,ここにいる理由
51,4,10,あの日 僕は咄嗟に嘘をついた
52,4,11,君は僕と会わない方がよかったのかな
53,4,12,別れ際、もっと好きになる
54,4,13,嫉妬の権利
55,4,14,不等号
56,5,3,アンダー
57,5,4,My rule
58,5,5,自由の彼方
59,5,7,君が扇いでくれた
60,5,9,自惚れビーチ
61,5,10,その女
62,5,11,誰よりそばにいたい
63,6,1,ありがちな恋愛
64,6,2,逃げ水
65,6,3,いつかできるから今日できる
66,6,4,シンクロニシティ
67,6,5,ジコチューで行こう！
68,6,6,帰り道は遠回りしたくなる
69,6,9,新しい世界
70,6,10,三角の空き地
71,6,11,日常
72,6,12,もうすぐ～ザンビ伝説～
73,6,13,キャラバンは眠らない
74,6,14,ライブ神
75,6,15,自分じゃない感じ
76,7,9,Sing Out!
77,7,10,夜明けまで強がらなくてもいい
78,7,11,しあわせの保護色
79,7,12,僕は僕を好きになる
80,7,13,ごめんねFingers crossed
81,7,14,君に叱られた
82,7,15,最後のTight Hug
83,8,1,Actually...
84,8,2,好きというのはロックだぜ！
85,8,3,ここにはないもの
86,8,4,人は夢を二度見る
87,8,5,おひとりさま天国
88,8,6,Monopoly
89,8,7,チャンスは平等
90,8,8,チートデイ
91,8,9,歩道橋
92,8,10,ネーブルオレンジ
93,8,11,Same numbers
94,8,12,ビリヤニ
95,8,13,My respect
96,8,14,全力ラップタイム
97,9,125354,会いたかったかもしれない
98,9,125355,白い雲にのって
99,9,125356,失いたくないから
100,9,129187,偶然を言い訳にして
101,9,129188,心の薬
102,9,129238,ハウス！
103,9,133995,海流の島よ
104,9,133996,音が出ないギター
105,9,133997,人はなぜ走るのか？
106,9,133999,せっかちなかたつむり
107,9,139344,渋谷ブルース
108,9,139346,ここじゃないどこか
109,9,139347,やさしさなら間に合ってる
110,9,139348,指望遠鏡
111,9,143040,でこぴん
112,9,143042,ロマンティックいか焼き
113,9,143043,サイコキネシスの可能性
114,9,143044,シャキイズム
115,9,148415,人間という楽器
116,9,148416,他の星から
117,9,148418,コウモリよ
118,9,148419,世界で一番 孤独なLover
119,9,155749,そんなバカな…
120,9,155750,私のために 誰かのために
121,9,155751,やさしさとは
122,9,155752,月の大きさ
123,9,161830,ダンケシェーン
124,9,161832,孤独兄弟
125,9,161833,吐息のメソッド
126,9,161834,ロマンスのスタート
127,9,166040,無口なライオン
128,9,166041,その先の出口
129,9,166042,僕が行かなきゃ誰が行くんだ？
130,9,166043,何もできずにそばにいる
131,9,171155,Tender days
132,9,171156,遠回りの愛情
133,9,171497,私、起きる。
134,9,171498,転がった鐘を鳴らせ！
135,9,177504,なぞの落書き
136,9,177505,傾斜する
137,9,182272,立ち直り中
138,9,182273,ボーダー
139,9,190380,魚たちのLOVE SONG
140,9,190381,制服を脱いでサヨナラを…
141,9,196363,大人への近道
142,9,196364,ポピパッパパー
143,9,204793,憂鬱と風船ガム
144,9,204798,遥かなるブータン
145,9,208376,口約束
146,9,208377,環状六号線
147,9,208378,かき氷の片想い
148,9,208381,Threefold choice
149,9,211556,白米様
150,9,211559,僕だけの光
151,9,218123,君に贈る花がない
152,9,218126,あの教室
153,9,218127,孤独な青空
154,9,226406,Another Ghost
155,9,226407,意外BREAK
156,9,226409,人生を考えたくなる
157,9,229644,ワタボコリ
158,9,229645,満月が消えた
159,9,229647,醜い私
160,9,229648,ごめんね、スムージー
161,9,229649,Rewindあの日
162,9,229650,設定温度
163,9,229651,思い出ファースト
164,9,234001,未来の答え
165,9,234004,ひと夏の長さより…
166,9,234005,泣いたっていいじゃないか？
167,9,234006,女は一人じゃ眠れない
168,9,237677,僕の衝動
169,9,237680,まあいいか？
170,9,237681,新しい花粉 ～ミュージカル「見知らぬ世界」より～
171,9,237682,不眠症
172,9,247983,トキトキメキメキ
173,9,247984,スカウトマン
174,9,247986,雲になればいい
175,9,247987,言霊砲
176,9,247988,Against
177,9,253606,地球が丸いなら
178,9,253607,心のモノローグ
179,9,253610,あんなに好きだったのに…
180,9,253611,空扉
181,9,258641,知りたいこと
182,9,258642,ショパンの嘘つき
183,9,258643,告白の順番
184,9,266556,ゴルゴンゾーラ
185,9,266557,さゆりんご募集中
186,9,266558,ぼっち党
187,9,266559,頬杖をついては眠れない
188,9,266560,キスの手裏剣
189,9,268338,4番目の光
190,9,268339,平行線
191,9,268340,Am I Loving?
192,9,268341,のような存在
193,9,268342,曖昧
194,9,268343,滑走路
195,9,273512,僕の思い込み
196,9,273513,～Do my best～じゃ意味はない
197,9,273515,図書室の君へ
198,9,273516,路面電車の街
199,9,273517,僕のこと、知ってる？
200,9,283349,I see...
201,9,283350,毎日がBrand new day
202,9,283351,アナスターシャ
203,9,283353,ファンタスティック3色パン
204,9,283354,サヨナラ Stay with me
205,9,286761,世界中の隣人よ
206,9,288419,Route 246
207,9,296928,Out of the blue
208,9,296930,口ほどにもないKISS
209,9,296931,Wilderness world
210,9,296932,友情ピアス
211,9,296933,明日がある理由
212,9,303617,錆びたコンパス
213,9,303619,ざぶんざざぶん
214,9,303620,大人たちには指示されない
215,9,303621,猫舌カモミールティー
216,9,303622,全部 夢のまま
217,9,308011,他人のそら似
218,9,308012,泥だらけ
219,9,308014,もしも心が透明なら
220,9,308015,マシンガンレイン
221,9,308016,やさしいだけなら
222,9,312045,Hard to say
223,9,312048,ゆっくりと咲く花
224,9,316300,好きになってみた
225,9,316301,深読み
226,9,316303,絶望の一秒前
227,9,316304,届かなくたって…
228,9,316306,価値あるもの
229,9,324071,バンドエイド剥がすような別れ方
230,9,324072,ジャンピングジョーカーフラッシュ
231,9,324073,僕が手を叩く方へ
232,9,324074,Under's Love
233,9,325814,夢を見る筋肉
234,9,325815,パッションフルーツの食べ方
235,9,329366,17分間
236,9,329367,甘いエビデンス
237,9,329368,アトノマツリ
238,9,329369,銭湯ラプソディー
239,9,329371,悪い成分
240,9,333245,僕たちのサヨナラ
241,9,334955,涙の滑り台
242,9,334956,さざ波は戻らない
243,9,334957,Never say never
244,9,334958,黄昏はいつも
245,9,334959,心にもないこと
246,9,342195,お別れタコス
247,9,342196,考えないようにする
248,9,342197,マグカップとシンク
249,9,342198,誰かの肩
250,9,342199,命の冒涜
251,9,342200,踏んでしまった
252,9,347093,スタイリッシュ
253,9,347094,手ごねハンバーグ
254,9,347095,羊飼いよ
255,9,347096,助手席をずっと空けていた
256,9,347097,いつの日にか、あの歌を…
257,9,347098,思い出が止まらなくなる
258,9,352832,サルビアの花を覚えているかい？
259,9,352833,ぶんぶくちゃがま
260,9,352834,あと7曲
261,9,352835,「じゃあね」が切ない
262,9,352837,車道側
263,9,354349,BE TOGETHER
264,9,358354,あの光
265,9,358986,Keep in touch
266,9,358987,懐かない仔猫
267,9,358988,君にDitto
268,9,358989,落とし物
269,9,358990,熱狂の捌け口
270,9,365546,雪が降る日にまた会おう
271,9,365547,乃木坂饅頭
272,9,365548,夕陽は何色か？
273,9,365549,世界一のダイヤモンド
274,9,365550,それまでの猶予
275,9,365551,相対性理論に異議を唱える
276,9,368500,懐かしさの先
277,9,370354,天空の豆の木
278,9,370355,タイムリミット片想い
279,9,370356,交感神経優位
280,9,370357,キスのシルエット
281,9,375281,真夏日よ
282,9,376514,不道徳な夏
283,9,376838,なぜ 僕たちは走るのか？
284,9,377209,ってかさ
285,9,377210,あの頃におかえり
286,9,377211,君と猫
287,9,383086,市営ダンスホール
288,9,383681,純粋とは何か？
289,9,383996,Spark a revolution!
290,9,383997,新宿バックオフ
291,9,386409,Just a sec.
292,9,386410,Fake Doctor
293,9,386411,世界はここにある
294,9,389836,愛って羨ましい
295,9,389951,最後に階段を駆け上がったのはいつだ？
296,9,390535,君ばかり
297,10,2,摩擦係数
298,10,3,五月雨よ
299,10,4,僕のジレンマ
300,10,5,車間距離
301,10,6,制服の人魚
302,10,7,流れ弾
303,10,8,Dead end
304,10,9,無言の宇宙
305,10,10,BAN
306,10,11,偶然の答え
307,10,12,思ったよりも寂しくない
308,10,13,Nobody's fault
309,10,14,なぜ 恋をして来なかったんだろう？
310,10,15,Buddies
311,10,16,条件反射で泣けて来る
312,10,17,ずっと 春だったらなあ
313,11,2,承認欲求
314,11,4,何歳の頃に戻りたいのか？
315,11,5,Cool
316,11,6,I want tomorrow to come
317,11,8,Start over!
318,11,9,一瞬の馬
319,11,11,桜月
320,11,12,夏の近道
321,11,13,僕たちの La vie en rose
322,11,14,TOKYO SNOW
323,11,16,UDAGAWA GENERATION
324,11,17,もう一曲 欲しいのかい？
325,11,18,何度 LOVE SONGの歌詞を読み返しただろう
326,11,19,油を注せ!
327,11,21,自業自得
328,11,23,静寂の暴力
329,11,24,Addiction
330,12,295021,最終の地下鉄に乗って
331,12,295022,Plastic regret
332,12,295023,半信半疑
333,12,295024,ブルームーンキス
334,12,300782,Microscope
335,12,300783,君と僕と洗濯物
336,12,300784,それが愛なのね
337,12,300785,櫻坂の詩
338,12,309000,On my way
339,12,309001,ジャマイカビール
340,12,309002,ソニア
341,12,309003,美しきNervous
342,12,317049,恋が絶滅する日
343,12,317052,断絶
344,12,317053,I'm in
345,12,322684,One-way stairs
346,12,322685,タイムマシーンでYeah!
347,12,328238,その日まで
348,12,332434,魂のLiar
349,12,332435,もしかしたら真実
350,12,332436,無念
351,12,339753,Anthem time
352,12,339754,コンビナート
353,12,339755,風の音
354,12,339756,ドローン旋回中
355,12,344848,マンホールの蓋の上
356,12,344849,Don't cut in line!
357,12,344851,確信的クロワッサン
358,12,344852,隙間風よ
359,12,344853,マモリビト
360,12,350463,恋は向いてない
361,12,350464,心の影絵
362,12,350465,真夏に何か起きるのかしら
363,12,350467,泣かせて Hold me tight!
364,12,356011,愛し合いなさい
365,12,356141,引きこもる時間はない
366,12,356499,標識
367,12,356500,縁起担ぎ
368,12,356501,イザベルについて
369,12,361472,僕は僕を好きになれない
370,12,361814,本質的なこと
371,12,362330,今さらSuddenly
372,12,362331,嵐の前、世界の終わり
373,12,362332,19歳のガレット
374,12,368337,Nothing special
375,12,368530,Nightmare症候群
376,12,368590,ULTRAVIOLET
377,12,368591,行かないで
378,12,368592,紋白蝶が確か飛んでた
379,12,368593,やるしかないじゃん
380,12,373992,Make or Break
381,12,374431,死んだふり
382,12,375694,君のことを想いながら
383,12,375695,真夏の大統領
384,12,375696,恋愛無双
385,12,375697,港区パセリ
386,12,375698,ノンアルコール
387,12,380775,Alter ego
388,12,381787,Unhappy birthday構文
389,12,382246,木枯らしは泣かない
390,12,382473,Buddies (English Version)
391,12,382474,I will be
392,12,382475,青空が見えるまで
393,12,382476,夜空で一番輝いてる星の名前を僕は知らない
394,12,388077,The growing up train
395,12,388960,光源
396,12,389635,僕は向いてない
397,12,389636,Sunny side up
398,12,389637,くらげらしく
399,12,389638,キスが苦い
400,12,389639,ドライフルーツ
401,13,1,ひらがなけやき
402,13,2,誰よりも高く跳べ!
403,13,3,僕たちは付き合っている
404,13,6,沈黙した恋人よ
405,13,7,それでも歩いてる
406,13,8,NO WAR in the future
407,13,9,イマニミテイロ
408,13,10,半分の記憶
409,13,11,期待していない自分
410,13,12,三輪車に乗りたい
411,13,13,こんな整列を誰がさせるのか？
412,13,15,割れないシャボン玉
413,13,16,ひらがなで恋したい
414,14,2,キュン
415,14,3,ドレミソラシド
416,14,4,こんなに好きになっちゃっていいの？
417,14,5,ソンナコトナイヨ
418,14,6,JOYFUL LOVE
419,14,7,ときめき草
420,14,8,Footsteps
421,14,9,キツネ
422,14,10,まさか 偶然…
423,14,11,青春の馬
424,14,12,アザトカワイイ
425,14,13,My fans
426,14,14,See Through
427,14,15,約束の卵 2020
428,15,1,HEY!OHISAMA!
429,15,2,君は0から1になれ
430,15,3,Am I ready?
431,15,4,ってか
432,15,5,見たことない魔物
433,15,6,Right？
434,15,7,恋した魚は空を飛ぶ
435,15,8,愛はこっちのものだ
436,15,9,ガラス窓が汚れてる
437,15,10,アディショナルタイム
438,15,11,青春ポップコーン
439,15,12,ロッククライミング
440,15,13,君しか勝たん
441,15,14,月と星が踊るMidnight
442,15,15,僕なんか
443,15,16,One choice
444,16,250783,車輪が軋むように君が泣く
445,16,250784,おいで夏の境界線
446,16,250785,最前列へ
447,16,250787,夏色のミュール
448,16,250788,キレイになりたい
449,16,250790,ハロウィンのカボチャが割れた
450,16,250791,ノックをするな！
451,16,250793,未熟な怒り
452,16,250794,線香花火が消えるまで
453,16,254127,ハッピーオーラ
454,16,263857,抱きしめてやる
455,16,263860,君に話しておきたいこと
456,16,265227,耳に落ちる涙
457,16,265228,沈黙が愛なら
458,16,270560,Dash&Rush
459,16,270561,やさしさが邪魔をする
460,16,270562,Cage
461,16,270563,My god
462,16,274479,ホントの時間
463,16,275013,川は流れる
464,16,275014,ママのドレス
465,16,281470,ナゼー
466,16,281471,窓を開けなくても
467,16,281472,好きということは…
468,16,281473,君のため何ができるだろう
469,16,291771,どうして雨だと言ったんだろう？
470,16,291772,ただがむしゃらに
471,16,291773,日向坂
472,16,291774,この夏をジャムにしよう
473,16,302553,世界にはThank you！が溢れている
474,16,302554,どうする？どうする？どうする？
475,16,302557,膨大な夢に押し潰されて
476,16,302558,声の足跡
477,16,309683,酸っぱい自己嫌悪
478,16,309684,あくびLetter
479,16,309685,夢は何歳まで？
480,16,309686,思いがけないダブルレインボー
481,16,309687,何度でも何度でも
482,16,319394,真夜中の懺悔大会
483,16,319395,ゴーフルと君
484,16,319396,もうこんなに好きになれない
485,16,319397,知らないうちに愛されていた
486,16,319398,飛行機雲ができる理由
487,16,326941,一生一度の夏
488,16,326942,ブルーベリー＆ラズベリー
489,16,326943,その他大勢タイプ
490,16,326944,10秒天使
491,16,336445,シーラカンス
492,16,336446,パクチー ピーマン グリーンピース
493,16,336447,You're in my way
494,16,336449,友よ 一番星だ
495,16,336450,恋は逃げ足が早い
496,16,341103,愛のひきこもり
497,16,341104,君は逆立ちできるか？
498,16,341105,骨組みだらけの夏休み
499,16,341106,接触と感情
500,16,345789,自販機と主体性
501,16,345790,最初の白夜
502,16,352488,君はハニーデュー
503,16,353494,僕に続け
504,16,353495,錆つかない剣を持て！
505,16,353496,雨が降ったって
506,16,353899,夜明けのスピード
507,16,353900,恋とあんバター
508,16,353901,どこまでが道なんだ？
509,16,358979,絶対的第六感
510,16,359375,夕陽Dance
511,16,359857,君を覚えてない
512,16,360487,妄想コスモス
513,16,360489,雪は降る 心の世界に
514,16,360490,永遠のソフィア
515,16,365961,卒業写真だけが知ってる
516,16,367076,SUZUKA
517,16,367249,足の小指を箪笥の角にぶつけた
518,16,367326,Instead of you
519,16,367327,43年待ちのコロッケ
520,16,367328,あの娘にグイグイ
521,16,367329,孤独たちよ
522,16,372748,Love yourself!
523,16,373128,ジャーマンアイリス
524,16,373367,あのね そのね
525,16,373368,What you like!
526,16,373369,やらかした
527,16,373370,You are forever
528,16,373371,海風とわがまま
529,16,379080,お願いバッハ！
530,16,379706,空飛ぶ車
531,16,380081,言葉の限界
532,16,380082,ライバル多すぎ問題
533,16,380083,Expected value
534,16,386117,クリフハンガー
535,16,386280,君と生きる
536,16,386758,Surf's up girl
537,16,386759,好きになるクレッシェンド
538,16,386785,Second Jump
539,16,386786,恋と慣性の法則
540,16,386787,涙目の太陽
541,17,1,会いたかった
542,17,2,BINGO!
543,17,3,夕陽を見ているか？
544,17,4,僕の太陽
545,17,5,未来の果実
546,17,6,Dear my teacher(チームA Ver.)
547,17,7,スカート、ひらり(Album Mix)
548,17,8,制服が邪魔をする
549,17,9,Virgin love(Album Mix)
550,17,10,軽蔑していた愛情
551,17,11,誕生日の夜(チームA Ver.)
552,17,12,転がる石になれ(チームK Ver.)
553,17,13,桜の花びらたち(チームA Ver.)
554,18,1,RIVER
555,18,2,Baby! Baby! Baby! Baby!
556,18,3,大声ダイヤモンド
557,18,5,初日
558,18,6,10年桜
559,18,8,涙サプライズ！
560,18,11,言い訳Maybe
561,18,13,マジスカロックンロール
562,18,14,桜の栞
563,18,15,自分らしさ
564,18,16,君と虹と太陽と
565,19,14,ロマンス、イラネ
566,19,15,桜の花びらたち2008(Original Mix)
567,19,16,Seventeen
568,19,17,あなたがいてくれたから
569,20,1,少女たちよ
570,20,12,チャンスの順番
571,20,13,Beginner
572,20,14,ポニーテールとシュシュ
573,20,15,ヘビーローテーション
574,21,1,ファースト・ラビット
575,21,3,ミニスカートの妖精
576,21,4,上からマリコ
577,21,6,檸檬の年頃
578,21,8,野菜占い
579,21,9,Everyday、カチューシャ
580,21,10,走れ！ペンギン
581,21,11,ロマンスかくれんぼ
582,21,14,フライングゲット
583,21,15,風は吹いている
584,21,16,桜の木になろう
585,21,17,GIVE ME FIVE!
586,22,11,大事な時間
587,22,13,ぐ〜ぐ〜おなか
588,22,14,やさしさの地図
589,22,15,行ってらっしゃい
590,23,1,恋するフォーチュンクッキー
591,23,3,さよならクロール
592,23,5,あの日の風鈴
593,23,6,永遠プレッシャー
594,23,7,青空カフェ
595,23,8,UZA
596,23,9,君のために僕は…
597,23,10,私たちのReason
598,23,11,So long!
599,23,12,ギンガムチェック
600,23,13,真夏のSounds good !
601,24,1,After rain
602,24,3,ボーイハントの方法 教えます
603,24,4,JJに借りたもの
604,24,5,シャワーの後だから
605,24,6,10クローネとパン
606,24,9,強さと弱さの間で
607,24,10,僕は頑張る
608,25,2,他人行儀なSunset beach
609,25,4,わたし リーフ
610,25,5,Stoicな美学
611,25,6,ぽんこつブルース
612,25,7,イチニノサン
613,25,11,夢の河
614,26,1,希望的リフレイン
615,26,2,ラブラドール・レトリバー
616,26,3,Reborn
617,26,4,鈴懸の木の道で「君の微笑みを夢に見る」と言ってしまったら僕たちの関係はどう変わってしまうのか、僕なりに何日か考えた上でのやや気恥ずかしい結論のようなもの
618,26,5,前しか向かねえ
619,26,6,君の瞳はプラネタリウム
620,26,7,2人はデキテル
621,26,8,ハート・エレキ
622,26,9,心のプラカード
623,26,10,47の素敵な街へ
624,26,11,選んでレインボー
625,26,12,恋とか…
626,26,13,愛の存在
627,27,5,ダウンタウンホテル100号室
628,27,9,Birth
629,27,12,ここがロドスだ、ここで跳べ！
630,28,1,僕たちのイデオロギー
631,28,3,教えてMommy
632,28,4,切ないリプライ
633,28,11,今日までのメロディー
634,28,12,生き続ける
635,29,10,Green Flash
636,29,11,僕たちは戦わない
637,29,12,ハロウィン・ナイト
638,30,1,唇にBe My Baby
639,30,2,365日の紙飛行機
640,30,3,君はメロディー
641,30,4,翼はいらない
642,30,5,LOVE TRIP
643,30,6,しあわせを分けなさい
644,30,7,光と影の日々
645,30,8,ハイテンション
646,30,9,あの日の自分
647,30,10,青くさいロック
648,31,1,シュートサイン
649,31,4,願いごとの持ち腐れ
650,31,5,#好きなんだ
651,31,6,ギブアップはしない
652,31,8,11月のアンクレット
653,31,10,靴紐の結び方
654,32,5,なんてったってアイドル
655,32,10,LOVEマシーン
656,33,2,ここからだ
657,33,3,恋愛カンニング
658,33,4,ロマンティック男爵
659,33,5,劇場へ ようこそ！
660,33,6,Lollipop
661,33,7,風の待ち伏せ
662,33,8,クリスマスリング
663,33,9,2月のMermaid
664,33,10,振り向きざまのキッス
665,33,11,夜中過ぎのアウトロー
666,33,12,奇跡が消えても
667,33,13,シクラメンが咲く頃
668,33,14,まだ見たことのない景色へ
669,33,15,緞帳を上げてくれ！
670,33,16,そんなに好きだったら
671,33,17,Hungry love
672,34,46375,だけど…
673,34,46795,青空のそばにいて
674,34,52247,PARTYが始まるよ
675,34,52248,AKB48
676,34,52249,未来の扉
677,34,52250,投げキッスで撃ち落せ！
678,34,52252,シンデレラは騙されない
679,34,52254,気になる転校生
680,34,52827,涙売りの少女
681,34,54812,Only today
682,34,57990,ビバ！ハリケーン
683,34,60670,愛の毛布
684,34,72055,109(マルキュー)
685,34,76823,桜色の空の下で
686,34,95389,マジジョテッペンブルース
687,34,99998,ラッキーセブン
688,34,99999,野菜シスターズ
689,34,105922,予約したクリスマス
690,34,109519,最後の制服
691,34,111049,誰かのために -What can I do for someone?-
692,34,113463,ヤンキーソウル
693,34,113464,これからWonderland
694,34,117973,アイスのくちづけ
695,34,117974,青春と気づかないまま
696,34,119608,毒リンゴを食べさせて
697,34,119609,クラスメイト
698,34,119610,あなたとクリスマスイブ
699,34,119611,キスはだめよ
700,34,119612,星の温度
701,34,119613,嘆きのフィギュア
702,34,119614,涙の湘南
703,34,119615,渚のCHERRY
704,34,119616,ガラスの I LOVE YOU
705,34,119617,恋のPLAN
706,34,119618,背中から抱きしめて
707,34,119619,リオの革命
708,34,119620,JESUS
709,34,119621,月見草
710,34,119622,Warning
711,34,119623,Bird
712,34,119624,蜃気楼
713,34,119625,ライダー
714,34,119626,夏が行っちゃった
715,34,119627,小池
716,34,119628,月のかたち
717,34,119629,ただいま 恋愛中
718,34,119630,くまのぬいぐるみ
719,34,119631,7時12分の初恋
720,34,119632,春が来るまで
721,34,119633,純愛のクレッシェンド
722,34,119634,Faint
723,34,119635,帰郷
724,34,119636,ダルイカンジ
725,34,119637,Mr.Kissman
726,34,119638,君が教えてくれた
727,34,119639,LOVE CHASE
728,34,119640,なんて素敵な世界に生まれたのだろう
729,34,119641,長い光
730,34,119642,スコールの間に
731,34,119643,JK眠り姫
732,34,119644,君に会うたび 恋をする
733,34,119645,黒い天使
734,34,119646,ハート型ウイルス
735,34,119647,恋愛禁止条例
736,34,119648,ツンデレ!
737,34,119649,真夏のクリスマスローズ
738,34,119650,Switch
739,34,119651,あの頃のスニーカー
740,34,119652,AKB参上!
741,34,119653,ナミダの深呼吸
742,34,119655,目撃者
743,34,119656,前人未踏
744,34,119657,いびつな真珠
745,34,119658,憧れのポップスター
746,34,119659,腕を組んで
747,34,119660,炎上路線
748,34,119661,愛しさのアクセル
749,34,119662,☆の向こう側
750,34,119663,サボテンとゴールドラッシュ
751,34,119664,美しき者
752,34,119665,アイヲクレ
753,34,119666,摩天楼の距離
754,34,119667,命の意味
755,34,119668,I'm crying.
756,34,119669,ずっと ずっと
757,34,119670,Pioneer
758,34,120105,青春ガールズ
759,34,120106,ビーチサンダル
760,34,120107,君が星になるまで
761,34,120108,Blue rose
762,34,120109,禁じられた2人
763,34,120110,雨の動物園
764,34,120111,ふしだらな夏
765,34,120112,Don't disturb！
766,34,120113,日付変更線
767,34,120114,僕の打ち上げ花火
768,34,120115,約束よ
769,34,120116,友よ
770,34,120117,脳内パラダイス
771,34,120118,泣きながら微笑んで
772,34,120119,MARIA
773,34,120120,君はペガサス
774,34,120121,くるくるぱー
775,34,120122,クリスマスがいっぱい
776,34,120123,シアター・パイレーツ
777,34,120124,片思いの卒業式
778,34,120125,花と散れ!
779,34,120126,草原の奇跡
780,34,120127,マンモス
781,34,120128,最終ベルが鳴る
782,34,120129,ボーイフレンドの作り方
783,34,120130,偉い人になりたくない
784,34,120131,リターンマッチ
785,34,120132,初恋泥棒
786,34,120133,ごめんね ジュエル
787,34,120134,おしべとめしべと夜の蝶々
788,34,120135,16人姉妹の歌
789,34,120136,Stand up
790,34,120137,Coolgirl
791,34,120138,回遊魚のキャパシティ
792,34,120139,会いに行こう
793,34,120140,シャムネコ
794,34,120141,メロスの道
795,34,120142,支え
796,34,120143,掌(てのひら)
797,34,120144,逆上がり
798,34,120145,否定のレクイエム
799,34,120146,その汗は嘘をつかない
800,34,120147,エンドロール
801,34,120148,わがままな流れ星
802,34,120149,愛の色
803,34,120150,抱きしめられたら
804,34,120151,虫のバラード
805,34,120152,フリしてマネして
806,34,120153,海を渡れ!
807,34,120154,街角のパーティー
808,34,120155,ファンレター
809,34,120156,不義理
810,34,120157,ハンパなイケメン
811,34,120158,To be continued.
812,34,120160,RESET
813,34,120161,洗濯物たち
814,34,120162,彼女になれますか?
815,34,120163,ウッホウッホホ
816,34,120164,制服レジスタンス
817,34,120165,奇跡は間に合わない
818,34,120166,逆転王子様
819,34,120167,明日のためにキスを
820,34,120168,心の端のソファー
821,34,120169,毒蜘蛛
822,34,120170,オケラ
823,34,120171,ホワイトデーには…
824,34,120172,ジグソーパズル48
825,34,120173,星空のミステイク
826,34,120174,夢の鐘
827,34,120175,引っ越しました
828,34,120590,必殺テレポート
829,34,120591,ご機嫌ななめなマーメイド
830,34,120592,2人乗りの自転車
831,34,120593,天使のしっぽ
832,34,120594,パジャマドライブ
833,34,120595,純情主義
834,34,120596,てもでもの涙
835,34,120597,鏡の中のジャンヌ・ダルク
836,34,120598,Two years later
837,34,120599,命の使い道
838,34,120600,キスして損しちゃった
839,34,120601,僕の桜
840,34,120602,ワッショイB!
841,34,120603,水夫は嵐に夢を見る
842,34,120604,白いシャツ
843,34,120605,アイドルの夜明け
844,34,120606,みなさんもご一緒に
845,34,120607,春一番が吹く頃
846,34,120608,拳の正義
847,34,120609,残念少女
848,34,120610,口移しのチョコレート
849,34,120611,片思いの対角線
850,34,120612,天国野郎
851,34,120613,愛しきナターシャ
852,34,120614,女子高生はやめられない
853,34,120615,好きと言えば良かった
854,34,120616,そばかすのキス
855,34,120617,タンポポの決心
856,34,120618,B Stars
857,34,120619,横須賀カーブ
858,34,120620,アリガトウ
859,34,120622,勇気のハンマー
860,34,120623,隕石の確率
861,34,120624,愛のストリッパー
862,34,120625,シアターの女神
863,34,120626,初恋よ こんにちは
864,34,120627,嵐の夜には
865,34,120628,キャンディー
866,34,120629,ロッカールームボーイ
867,34,120630,夜風の仕業
868,34,120631,100メートルコンビニ
869,34,120632,好き 好き 好き
870,34,120633,サヨナラのカナシバリ
871,34,120634,潮風の招待状
872,34,120635,オネストマン
873,34,120636,僕たちの紙飛行機
874,34,121173,Dreamin'girls
875,34,121174,RUN RUN RUN
876,34,121175,アイドルなんて呼ばないで
877,34,121176,僕とジュリエットとジェットコースター
878,34,121177,ヒグラシノコイ
879,34,121178,愛しさのdefense
880,34,121179,向日葵
881,34,121180,竹内先輩
882,34,121181,そんなこんなわけで
883,34,121182,デジャビュ
884,34,121183,Lay down
885,34,121184,夢を死なせるわけにいかない
886,34,121185,Let's get”あと1センチ”
887,34,121186,愛とプライド
888,34,121187,Bye Bye Bye
889,34,121188,初めてのジェリービーンズ
890,34,121189,となりのバナナ
891,34,121190,記憶のジレンマ
892,34,121191,Confession
893,34,121192,森へ行こう
894,34,121193,青春の稲妻
895,34,121194,生きるって素晴らしい
896,34,121195,ロックだよ、人生は…
897,34,121196,50%
898,34,121197,ハートが風邪をひいた夜
899,34,122831,ノエルの夜
900,34,129968,ちょうだい、ダーリン！
901,34,139025,とっておきクリスマス
902,34,150976,涙のせいじゃない
903,34,150977,最後のドア
904,34,156545,Party is over
905,34,156546,Mosh & Dive
906,34,176871,春風ピアニッシモ
907,34,180728,履物と傘の物語
908,34,180730,ヤンキーロック
909,34,180731,春の光 近づいた夏
910,34,180732,マジすかFight
911,34,186179,君の第二章
912,34,192801,ヤンキーマシンガン
913,34,192802,一歩目音頭
914,34,192830,群像
915,34,198798,背中言葉
916,34,199650,君は今までどこにいた？
917,34,213910,BLACK FLOWER
918,34,218883,Better
919,34,221098,奇跡のドア
920,34,230078,あの頃の五百円玉
921,34,230079,点滅フェロモン
922,34,230080,前触れ
923,34,230081,イマパラ
924,34,245625,ジャーバージャ
925,34,249740,Teacher Teacher
926,34,255831,センチメンタルトレイン
927,34,259386,NO WAY MAN
928,34,264650,ジワるDAYS
929,34,274277,サステナブル
930,34,283021,愛する人
931,34,283024,また会える日まで
932,34,283025,失恋、ありがとう
933,34,287529,離れていても
934,34,308342,根も葉もRumor
935,34,318723,元カレです
936,34,326459,久しぶりのリップグロス
937,34,334386,どうしても君が好きだ
938,34,341936,アイドルなんかじゃなかったら
939,34,350004,カラコンウインク
940,34,356424,恋 詰んじゃった
941,34,357429,すれ違う瞬間
942,34,369731,まさかのConfession
943,34,376609,Oh my pumpkin!
944,34,377969,アイドルだよ、人生は…
945,34,377970,スマホ、見てる場合じゃない
946,34,377971,意思の大木
947,34,379870,思い出スクロール
948,34,387247,名残り桜
949,34,388079,初恋に似てる
950,34,388389,Up the stairs
951,34,388390,単！サイ！ボーグ
952,34,388391,セシル
953,34,388392,向かい風
954,35,2,僕らの風
955,35,3,マンゴー No.2
956,35,4,手をつなぎながら
957,35,5,チャイムはLOVE SONG
958,35,6,Glory days
959,35,7,この胸のバーコード
960,35,8,ウィンブルドンへ連れて行って
961,35,9,雨のピアニスト
962,35,10,チョコの行方
963,35,11,Innocence
964,35,12,ロマンスロケット
965,35,13,恋の傾向と対策
966,35,14,大好き
967,35,15,ロープの友情
968,35,16,火曜日の夜、水曜日の朝
969,35,17,遠くにいても
970,36,1,強き者よ
971,36,2,青空片想い
972,36,3,ごめんね、SUMMER
973,36,4,1！2！3！4！ ヨロシク！
974,36,5,バンザイVenus
975,36,6,パレオはエメラルド
976,36,7,オキドキ
977,36,8,片想いFinally
978,37,1,夏よ、急げ！
979,37,3,ゼロベース
980,37,7,てっぺんとったるて！
981,37,8,制服を脱ぎたくなって来た
982,37,10,強がり時計
983,38,1,金の愛、銀の愛
984,38,2,チキンLINE
985,38,3,前のめり
986,38,4,コケティッシュ渋滞中
987,38,5,12月のカンガルー
988,38,6,不器用太陽
989,38,7,未来とは？
990,38,8,賛成カワイイ！
991,38,9,美しい稲妻
992,38,10,チョコの奴隷
993,38,11,キスだって左利き
994,38,12,アイシテラブル！
995,39,91592,バンジー宣言
996,39,97769,羽豆岬
997,39,97770,少女は真夏に何をする？
998,39,104091,青春は恥ずかしい
999,39,104092,コスモスの記憶
1000,39,104093,TWO ROSES
1001,39,104095,そばにいさせて
1002,39,108736,卒業式の忘れもの
1003,39,108737,誰かのせいにはしない
1004,39,108738,愛の数
1005,39,116641,積み木の時間
1006,39,121752,初恋の踏切
1007,39,124683,今日までのこと、これからのこと
1008,39,135410,神々の領域
1009,39,141071,Darkness
1010,39,156544,Escape
1011,39,161300,僕らの絆
1012,39,180729,世界が泣いてるなら
1013,39,204066,Gonna Jump
1014,39,224605,夕立の前
1015,39,224608,愛のために何を捨てる？
1016,39,226101,Vacancy
1017,39,232712,意外にマンゴー
1018,39,242371,みんなスター
1019,39,242506,無意識の色
1020,39,245623,愛の喪明け
1021,39,251784,いきなりパンチライン
1022,39,260361,神様は見捨てない
1023,39,260367,Stand by you
1024,39,271237,FRUSTRATION
1025,39,280066,ソーユートコあるよね？
1026,39,297411,恋落ちフラグ
1027,39,307417,あの頃の君を見つけた
1028,39,307692,世界のスーパーヒーロー
1029,39,315525,じゃないロマンティック
1030,39,315527,心にFlower
1031,39,325810,片想いフォーエバー
1032,39,325811,New Ager
1033,39,325813,絶対インスピレーション
1034,39,340694,好きになっちゃった
1035,39,350945,愛のホログラム
1036,39,359377,告白心拍数
1037,39,368792,Tick tack zack
1038,39,378881,Karma
1039,39,387895,サンダルだぜ
1040,40,1,てっぺんとったんで！
1041,40,2,絶滅黒髪少女
1042,40,3,オーマイガー！
1043,40,4,純情U-19
1044,40,5,ナギイチ
1045,40,6,ヴァージニティー
1046,40,7,北川謙二
1047,40,8,HA!(NMB48バージョン)
1048,40,9,12月31日
1049,40,13,NMB48
1050,40,14,青春のラップタイム
1051,40,15,僕は待ってる
1052,41,1,イビサガール
1053,41,2,僕らのユリイカ
1054,41,3,カモネギックス
1055,41,4,高嶺の林檎
1056,41,5,“生徒手帳の写真は気に入っていない”の法則
1057,41,10,抱きしめたいけど
1058,41,11,一週間、全部が月曜日ならいいのに…
1059,41,13,時間は語り始める
1060,41,15,君と出会って僕は変わった
1061,42,1,まさかシンガポール
1062,42,2,難波愛
1063,42,4,僕以外の誰か
1064,42,5,僕はいない
1065,42,6,甘噛み姫
1066,42,7,Must be now
1067,42,8,ドリアン少年
1068,42,9,Don't look back！
1069,42,10,らしくない
1070,42,15,友達
1071,42,16,卒業旅行
1072,42,18,道頓堀よ、泣かせてくれ！
1073,43,1,Done
1074,43,3,ワロタピーポー
1075,43,4,欲望者
1076,43,5,僕だって泣いちゃうよ
1077,43,6,床の間正座娘
1078,43,7,母校へ帰れ！
1079,43,8,初恋至上主義
1080,43,9,だってだってだって
1081,43,10,恋なんかNo thank you!
1082,43,11,シダレヤナギ
1083,43,12,恋と愛のその間には
1084,43,13,好きだ虫
1085,44,2,OUR STORY
1086,44,3,青い春よ
1087,44,4,愛デンティティ
1088,44,5,ROUTE 48
1089,44,6,君はエイリアン
1090,44,7,チュッてギュッてグッと
1091,44,8,SPARK
1092,44,9,美しく激しく咲く
1093,44,10,僕らはまだ
1094,44,11,脇役・学生 Z
1095,44,12,天使のユートピア
1096,44,13,全部抱きしめろ！
1097,44,14,HOME～ずっと友達～
1098,44,15,繋ぎ歌～世界の国からこんにちは～
1099,44,16,永遠のメロディー
1100,45,120663,なんでやねん、アイドル
1101,45,133600,ちょっと猫背
1102,45,133604,妄想ガールフレンド
1103,45,133684,三日月の背中
1104,45,137464,眠くなるまで羊は出て来ない
1105,45,137468,インゴール
1106,45,142435,太宰治を読んだか？
1107,45,142437,なめくじハート
1108,45,147808,さや姉
1109,45,147812,届かなそうで届くもの
1110,45,180727,パンキッシュ
1111,45,189823,どうでもいい人仮面
1112,45,194681,俺らとは
1113,45,194685,片想いよりも思い出を…
1114,45,204065,しがみついた青春
1115,45,221385,途中下車
1116,45,226100,真夜中の強がり
1117,45,233688,サササ サイコー！
1118,45,242205,Which one
1119,45,245622,下手を打つ
1120,45,263324,2番目のドア
1121,45,293688,アイラブ豚まん
1122,45,303324,青いレモンの季節
1123,45,303325,落とし穴
1124,45,314822,夢中人
1125,45,333786,想像のピストル
1126,45,333787,今さら道頓堀
1127,45,342771,渚サイコー！
1128,45,354798,Now
1129,45,354799,これが愛なのか？
1130,45,360976,がんばらぬわい
1131,45,370498,チューストライク
1132,45,383006,青春のデッドライン
1133,45,383345,Oneness
1134,45,383346,上方ストロングスタイル
1135,45,383347,やねん
1136,45,383348,未来図
1137,46,1,スキ！スキ！スキップ！
1138,46,2,メロンジュース
1139,46,3,桜、みんなで食べた
1140,46,4,控えめI love you !
1141,46,5,12秒
1142,46,7,74億分の1の君へ
1143,46,8,最高かよ
1144,46,9,バグっていいじゃん
1145,46,10,キスは待つしかないのでしょうか？
1146,47,1,人差し指の銃弾
1147,47,2,2018年の橋
1148,47,3,黄昏のタンデム
1149,47,5,そこで何を考えるか？
1150,47,6,キレイゴトでもいいじゃないか？
1151,47,10,Make noise
1152,47,11,君のことが好きやけん
1153,48,1,突然 Do love me!
1154,48,2,早送りカレンダー
1155,48,3,意志
1156,48,4,3-2
1157,48,5,君とどこかへ行きたい - つばめ選抜
1158,48,7,ぶっ倒れるまで
1159,48,8,仮想恋愛
1160,48,11,思い出にするにはまだ早すぎる
1161,49,143892,お願いヴァレンティヌ
1162,49,143901,制服のバンビ
1163,49,151312,初恋バタフライ
1164,49,151529,天文部の事情
1165,49,151530,波音のオルゴール
1166,49,156542,ウインクは3回
1167,49,160677,君はどうして？
1168,49,170384,今 君を想う
1169,49,180725,大人列車
1170,49,184454,ロックだよ、人生は…
1171,49,198142,恋の指先
1172,49,206314,Chain of love
1173,49,224133,HKT48ファミリー
1174,49,224137,必然的恋人
1175,49,226099,止まらない観覧車
1176,49,233663,ロマンティック病
1177,49,248307,季節のせいにしたくはない
1178,49,266238,いつだってそばにいる
1179,49,266239,誰より手を振ろう
1180,49,284579,青春の出口
1181,49,301836,UFO募集中
1182,49,301837,シンデレラなんていない
1183,49,311457,HAKATA吸血鬼
1184,49,311458,全然 変わらない
1185,49,311460,あっけない粉雪
1186,49,320609,充分、しあわせ
1187,49,320610,向日葵の水彩画
1188,49,320611,ビーサンはなぜなくなるのか？
1189,49,332165,君はもっとできる
1190,49,346695,バケツを被れ！
1191,49,348145,生きがい
1192,49,348146,待ちやがれ！
1193,49,348147,僕たちは裏切った
1194,49,359748,僕はやっと君を心配できる
1195,49,375579,半袖天使
1196,49,376941,夏のせいじゃない
1197,49,376942,雨が上がるその瞬間
1198,49,376943,塩味のキス
1199,50,1,暗闇
1200,50,2,風を待つ
1201,50,3,大好きな人
1202,50,4,無謀な夢は覚めることがない
1203,50,5,思い出せる恋をしよう
1204,50,6,独り言で語るくらいなら
1205,50,7,ヘタレたちよ
1206,50,8,花は誰のもの？
1207,50,9,息をする心
1208,50,10,君は何を後悔するのか？
1209,50,11,愛の重さ
1210,50,12,Sweaty Smell
1211,51,240203,思い出せてよかった
1212,51,243406,STU48 瀬戸内ver.
1213,51,243407,誰かがいつか 好きだと言ってくれる日まで
1214,51,243408,STU48 愛媛ver.
1215,51,243409,STU48 香川ver.
1216,51,243410,僕たちはシンドバッドだ
1217,51,243411,STU48 徳島ver.
1218,51,243412,STU48 山口ver.
1219,51,243413,片想いの入り口
1220,51,243414,STU48 広島ver.
1221,51,243415,STU48 岡山ver.
1222,51,243416,非全力
1223,51,243417,STU48 兵庫ver.
1224,51,243418,瀬戸内の声
1225,51,245624,ペダルと車輪と来た道と
1226,51,262865,出航
1227,51,280838,奇跡という名のストーリー
1228,51,280839,瀬戸内の妹
1229,51,280840,僕らの春夏秋冬
1230,51,280841,一瞬のスリル
1231,51,298089,そして僕は僕じゃなくなる
1232,51,309336,夢をガラス瓶の中に
1233,51,309337,後悔なんかあるわけない
1234,51,317233,Sure、じゃあね
1235,51,317234,ポニーテールをほどいた君を見た
1236,51,317235,船から降りた僕たちは…
1237,51,323357,夏の“好き”はご用心
1238,51,323358,そして人間は無力と思い知る
1239,51,334258,自然淘汰主義
1240,51,346257,幽体離脱と金縛り
1241,51,346258,楡の木陰の下で
1242,51,346260,雨とか涙とか
1243,51,355830,月と僕と新しい自分
1244,51,366100,地平線を見ているか？
1245,51,366844,Be honest
1246,51,366845,鬼ごっこ
1247,51,366846,真冬のプール
1248,51,366847,雨のノック
1249,51,378875,青空を語り合おう
1250,51,378876,傷つくことが青春だ
1251,51,379242,生口島の瀬戸田レモンじゃけぇ
1252,51,379244,人の隣を走るな
1253,51,388561,好きすぎて泣く
1254,51,390420,告白JUMP
1255,51,390422,ごめんねニュートン
