song_id,title,lyricist,composer,arranger,opening_lyrics,full_lyrics,song_url
311460,あっけない粉雪,秋元康,丸山真由子,若田部誠,風が急に冷たくなって　どんよりした雲行きは　天気予報通り　パーカーのフード　被った辺りで　向こうからやって来た君と誰か　　さりげなく　腕を組んでるのは　Maybe　友達じゃないだろう　天を仰ぎ呟(つぶや)く　白い息が舞ってる　　粉雪があっけなく　掌(てのひら)で溶けるように　僕の片想いも一瞬だった　愛しさが胸の底に降り積もってしまうより　ドキドキできただけでよかったかもね　　笑い声が遠ざかってく　一方的な声なんて伝わるわけない　もしも気持ちが届いたとしても　雲間(くもま)から太陽は見えないだろう　　肩先に静かに留(とど)まる　そう　この恋の破片(かけら)たち　人を想う感情　何を語るつもりだ？　　粉雪はしんしんと　地上まで落ちてくけど　君の足跡さえ消してくれない　思い出ができる前に　ただの水になれた分　これから先は一人歩いて行ける　　何もなかったかのように　それは雨に変わった　　粉雪があっけなく　掌(てのひら)で溶けるように　僕の片想いも一瞬だった　愛しさが胸の底に降り積もってしまうより　ドキドキできただけでよかったかもね,"風が急に冷たくなって
どんよりした雲行きは　天気予報通り
パーカーのフード　被った辺りで
向こうからやって来た君と誰か

さりげなく　腕を組んでるのは
Maybe　友達じゃないだろう
天を仰ぎ呟(つぶや)く
白い息が舞ってる

粉雪があっけなく　掌(てのひら)で溶けるように
僕の片想いも一瞬だった
愛しさが胸の底に降り積もってしまうより
ドキドキできただけでよかったかもね

笑い声が遠ざかってく
一方的な声なんて伝わるわけない
もしも気持ちが届いたとしても
雲間(くもま)から太陽は見えないだろう

肩先に静かに留(とど)まる
そう　この恋の破片(かけら)たち
人を想う感情
何を語るつもりだ？

粉雪はしんしんと　地上まで落ちてくけど
君の足跡さえ消してくれない
思い出ができる前に　ただの水になれた分
これから先は一人歩いて行ける

何もなかったかのように
それは雨に変わった

粉雪があっけなく　掌(てのひら)で溶けるように
僕の片想いも一瞬だった
愛しさが胸の底に降り積もってしまうより
ドキドキできただけでよかったかもね",https://www.uta-net.com/song/311460/
376942,雨が上がるその瞬間,秋元康,オオヤギヒロオ,オオヤギヒロオ,もやもやしてたのは　ほんの些細なことで　私以外　そう誰も気になんかしてない　それでもなぜだろう　今　心の底から　大声で笑えない自分が確かにいる　　LUUPに飛び乗って　どこかへ行ってみたいけど　朝からの雨はずっと　街を(濡らし)涙(こぼす)ように降るよ　　だから　空を見上げて待ってた　晴れ間が顔を出すまで　雨雲に覆(おお)われてる　この先の未来　　きっと　そのうちに変わるでしょう　ぼんやり遠くを眺めて　のんびり時間を過ごそう　一番好きなのは　雨が上がるその瞬間(とき)　　窓ガラスの雫　やり残したことのように　ずっと引っ掛かったまま　1mm(イチミリ)も動かない　　家の中にいたって　気分は何も晴れないよ　傘差して外に出れば　思い(がけぬ)人と(出会う)こともあるだろう　　何もしないで待ってるだけじゃ　明日は今日の延長　ずぶ濡れになって歩く　自分を見てみたい　そんな現実味のないことを考えている時間が好きだ　急ぐことなんてないさ　希望が見えて来る　雨が上がるその瞬間(とき)　　それが私のこの人生を　変えてくれるわけじゃない　少しだけ明るくなるタイミングが好きだ　　だから　空を見上げて待ってた　晴れ間が顔を出すまで　雨雲に覆(おお)われてる　この先の未来　　きっと　そのうちに変わるでしょう　ぼんやり遠くを眺めて　のんびり時間を過ごそう　一番好きなのは　雨が上がるその瞬間(とき),"もやもやしてたのは
ほんの些細なことで
私以外　そう誰も気になんかしてない
それでもなぜだろう
今　心の底から
大声で笑えない自分が確かにいる

LUUPに飛び乗って
どこかへ行ってみたいけど
朝からの雨はずっと　街を(濡らし)涙(こぼす)ように降るよ

だから　空を見上げて待ってた
晴れ間が顔を出すまで
雨雲に覆(おお)われてる
この先の未来

きっと　そのうちに変わるでしょう
ぼんやり遠くを眺めて
のんびり時間を過ごそう
一番好きなのは
雨が上がるその瞬間(とき)

窓ガラスの雫　やり残したことのように
ずっと引っ掛かったまま　1mm(イチミリ)も動かない

家の中にいたって　気分は何も晴れないよ
傘差して外に出れば　思い(がけぬ)人と(出会う)こともあるだろう

何もしないで待ってるだけじゃ　明日は今日の延長
ずぶ濡れになって歩く　自分を見てみたい
そんな現実味のないことを考えている時間が好きだ
急ぐことなんてないさ
希望が見えて来る
雨が上がるその瞬間(とき)

それが私のこの人生を　変えてくれるわけじゃない
少しだけ明るくなるタイミングが好きだ

だから　空を見上げて待ってた
晴れ間が顔を出すまで
雨雲に覆(おお)われてる
この先の未来

きっと　そのうちに変わるでしょう
ぼんやり遠くを眺めて
のんびり時間を過ごそう
一番好きなのは
雨が上がるその瞬間(とき)",https://www.uta-net.com/song/376942/
348145,生きがい,秋元康,上田晃司,住谷翔平,サヨナラ(サヨナラ)　好きな人よ(お別れだ)　今日から(今日から)一人で　自分の夢を叶えてみる　　夕暮れの桟橋で　沖合いの船を見て　積んでいるコンテナを想像してた　もしあそこに隠れて　密航できるのなら　迷わなかった　　行き先はどこでもいいんだ　小さなこの街じゃなければ　住処(すみか)はすぐ見つかるだろう　　今　持っている幸せの全てを　投げ出す覚悟はあるのか？　瞼(まぶた)閉じて　心感じて　答えを出そう(正直に)　掴んだものは　夢なんかじゃなくて　ぼんやり　眺めていたもの　どうしても欲しい　唯一無二なら　絶対手に入れよう　生きがい　　対岸を縁取った　工場のその光　この先に行くなって　言いたいのか？　やりたいことがあれば　ここでやればいいって　夜に止められた　　君と別れた価値はあるのか？　計画が何だか杜撰(ずさん)で　勝手な僕の思い込みだ　　目の前のこの幸せな世界で　満足できないのはなぜ？　宝島は遠くにあると　信じ込んでる(僕なんだ)　やさしい歌を歌えるようになれば　日常に発見があると　君に言われたあの日の夜を　今　思い出した　生きがい　　自分が　変わるって　難しい　チャレンジだ　　あんな(深く)一人(ずっと)考えても　僕は(何を)思い(悩み)星の下で　ここにいるのか？　　今　持っている幸せの全てを　投げ出す覚悟はあるのか？　瞼(まぶた)閉じて　心感じて　答えを出そう(正直に)　掴んだものは　夢なんかじゃなくて　ぼんやり　眺めていたもの　どうしても欲しい　唯一無二なら　絶対手に入れよう　生きがい　　サヨナラ(サヨナラ)　好きな人よ(お別れだ)　今日から(今日から)一人で　自分の夢を叶えてみる,"サヨナラ(サヨナラ)
好きな人よ(お別れだ)
今日から(今日から)一人で
自分の夢を叶えてみる

夕暮れの桟橋で　沖合いの船を見て
積んでいるコンテナを想像してた
もしあそこに隠れて　密航できるのなら
迷わなかった

行き先はどこでもいいんだ
小さなこの街じゃなければ
住処(すみか)はすぐ見つかるだろう

今　持っている幸せの全てを
投げ出す覚悟はあるのか？
瞼(まぶた)閉じて　心感じて
答えを出そう(正直に)
掴んだものは　夢なんかじゃなくて
ぼんやり　眺めていたもの
どうしても欲しい　唯一無二なら
絶対手に入れよう
生きがい

対岸を縁取った　工場のその光
この先に行くなって　言いたいのか？
やりたいことがあれば　ここでやればいいって
夜に止められた

君と別れた価値はあるのか？
計画が何だか杜撰(ずさん)で
勝手な僕の思い込みだ

目の前のこの幸せな世界で
満足できないのはなぜ？
宝島は遠くにあると
信じ込んでる(僕なんだ)
やさしい歌を歌えるようになれば
日常に発見があると
君に言われたあの日の夜を
今　思い出した
生きがい

自分が
変わるって
難しい
チャレンジだ

あんな(深く)一人(ずっと)考えても
僕は(何を)思い(悩み)星の下で
ここにいるのか？

今　持っている幸せの全てを
投げ出す覚悟はあるのか？
瞼(まぶた)閉じて　心感じて
答えを出そう(正直に)
掴んだものは　夢なんかじゃなくて
ぼんやり　眺めていたもの
どうしても欲しい　唯一無二なら
絶対手に入れよう
生きがい

サヨナラ(サヨナラ)
好きな人よ(お別れだ)
今日から(今日から)一人で
自分の夢を叶えてみる",https://www.uta-net.com/song/348145/
266240,意志,秋元康,バグベア,APAZZI,こんな近くにみんながいても　何を話してるか聴こえないんだ　まるでガラスの壁があるようで　僕だけがそっちを見ないフリしてた　　Why？何が気に入らないの？　Why？僕は僕でしかない　Why？作り笑いを浮かべて　Why？手招きする人たちよ　　一人きりでも生きていけるんだ　数の問題じゃない　信じていれば強くなれる　何が正しい？(嘘なのか？)　説得なんかされたくはないし　自分は自分でいい　ずっとここから出たくはないよ　人それぞれだ(アイデンティティ)　真実はいつも　多数決じゃない　　僕が初めて思いを寄せた　君をガラス越しにいつも見ていた　何も言葉は交わさなかったけど　いつからか時々　目が合い始めた　　No！声を出しちゃダメだよ　No！僕には関わるなよ　No！会話しているだけでも　No！仲間にされちゃうだろう　　一人きりでも間違っていない　何を反論されても　自分の意見曲げたくない　それがプライド(愚かでも)　妥協なんかはしたくないし　好きなようにするだけだ　君を巻き込みたくなんかない　目を逸らしてくれ(僕から)　そうさ　愛だって　痩せ我慢だ　　変わりたい(それもチョイス)　変わらない(それもチョイス)　自分にとってのプライオリティ　こうでしか(生きられない)　こうでしか(守れないよ)　どう生きたいか意志がある(ごめんね)　ここから遠くで見てるよ　　強情だってわかっているんだ　失うものばかりで　それでも僕は歯を食いしばって　孤独でいるよ　　一人きりでも生きていけるんだ　数の問題じゃない　信じていれば強くなれる　何が正しい？(嘘なのか？)　説得なんかされたくはないし　自分は自分でいい　ずっとここから出たくはないよ　人それぞれだ(アイデンティティ)　真実はいつも　多数決じゃない　　(多数決じゃない)　　(多数決じゃない),"こんな近くにみんながいても
何を話してるか聴こえないんだ
まるでガラスの壁があるようで
僕だけがそっちを見ないフリしてた

Why？何が気に入らないの？
Why？僕は僕でしかない
Why？作り笑いを浮かべて
Why？手招きする人たちよ

一人きりでも生きていけるんだ
数の問題じゃない
信じていれば強くなれる
何が正しい？(嘘なのか？)
説得なんかされたくはないし
自分は自分でいい
ずっとここから出たくはないよ
人それぞれだ(アイデンティティ)
真実はいつも
多数決じゃない

僕が初めて思いを寄せた
君をガラス越しにいつも見ていた
何も言葉は交わさなかったけど
いつからか時々　目が合い始めた

No！声を出しちゃダメだよ
No！僕には関わるなよ
No！会話しているだけでも
No！仲間にされちゃうだろう

一人きりでも間違っていない
何を反論されても
自分の意見曲げたくない
それがプライド(愚かでも)
妥協なんかはしたくないし
好きなようにするだけだ
君を巻き込みたくなんかない
目を逸らしてくれ(僕から)
そうさ　愛だって
痩せ我慢だ

変わりたい(それもチョイス)
変わらない(それもチョイス)
自分にとってのプライオリティ
こうでしか(生きられない)
こうでしか(守れないよ)
どう生きたいか意志がある(ごめんね)
ここから遠くで見てるよ

強情だってわかっているんだ
失うものばかりで
それでも僕は歯を食いしばって
孤独でいるよ

一人きりでも生きていけるんだ
数の問題じゃない
信じていれば強くなれる
何が正しい？(嘘なのか？)
説得なんかされたくはないし
自分は自分でいい
ずっとここから出たくはないよ
人それぞれだ(アイデンティティ)
真実はいつも
多数決じゃない

(多数決じゃない)

(多数決じゃない)",https://www.uta-net.com/song/266240/
266238,いつだってそばにいる,秋元康,杉山勝彦,杉山勝彦,そんな瞳で見つめないで　できることなら抱きしめたいんだ　心は君から離れない　いつだってそばにいる　　涙をこぼしちゃいけない　いい思い出まで流れちゃうよ　頑張って　奥歯噛み締め　僕たちは微笑む　　人は夢見て　信じて　不安な一歩　踏み出す　いつかは君もここを出て行く　その日のための今日さ　　悲しい時は瞼(まぶた)閉じて　大丈夫だと言い聞かせるんだ　まだまだ君が心配だから　いつだってそばにいる　　後ろを追いかけて来るな　僕も振り向いてしまうから　ようやく　決心したのに　切なさに揺れるよ　　人は出会って　別れて　自分の道を行くんだ　眩しい日々の記憶のすべて　陽灼けのように残る　　いつかどこかで　また会えるさ　これで終わりのサヨナラじゃないよ　大人になった君に会いたい　思い出のそばにいる　　そんな瞳で見つめないで　できることなら抱きしめたいんだ　心は君から離れない　いつだってそばにいる　　寂しいんだ　　いつまでもそばにいて,"そんな瞳で見つめないで
できることなら抱きしめたいんだ
心は君から離れない
いつだってそばにいる

涙をこぼしちゃいけない
いい思い出まで流れちゃうよ
頑張って　奥歯噛み締め
僕たちは微笑む

人は夢見て　信じて
不安な一歩　踏み出す
いつかは君もここを出て行く
その日のための今日さ

悲しい時は瞼(まぶた)閉じて
大丈夫だと言い聞かせるんだ
まだまだ君が心配だから
いつだってそばにいる

後ろを追いかけて来るな
僕も振り向いてしまうから
ようやく　決心したのに
切なさに揺れるよ

人は出会って　別れて
自分の道を行くんだ
眩しい日々の記憶のすべて
陽灼けのように残る

いつかどこかで　また会えるさ
これで終わりのサヨナラじゃないよ
大人になった君に会いたい
思い出のそばにいる

そんな瞳で見つめないで
できることなら抱きしめたいんだ
心は君から離れない
いつだってそばにいる

寂しいんだ

いつまでもそばにいて",https://www.uta-net.com/song/266238/
170384,今　君を想う,秋元康,川島有真,若田部誠,春一番　吹くように　胸の奥が乱れてる　突然の引っ越しを　今さっき聞かされて立ち尽くす　　昨日までそばにいた　君がいなくなるなんて　明日からは　ねえ誰と　笑ったり　泣いたりすればいいの　　永遠の別れじゃない　いつかきっと帰って来るよ　だから涙はそれまで取っておいて　いつもの笑顔で見送って欲しい　　今　君を想う　どこにいても　何をしてても　君を想う　僕たちはひとつだ　　遅くまでレッスンして　夢のために頑張ったね　喧嘩をして　傷ついて　慰めて　仲直りしたあの日　　思い出が足りないから　早く　早く帰って来てね　だからお互い成長できるように　遠くのライバル　ずっと競い合おう　　ふと　風の中に　君の声が聴こえて来る　風の中に　僕たちの約束　　今　君を想う　どこにいても　何をしてても　君を想う　僕たちはひとつだ　　君を想う　目を閉じれば　今もここに…　君を想う　旅立ちの仲間よ,"春一番　吹くように
胸の奥が乱れてる
突然の引っ越しを
今さっき聞かされて立ち尽くす

昨日までそばにいた
君がいなくなるなんて
明日からは　ねえ誰と
笑ったり　泣いたりすればいいの

永遠の別れじゃない
いつかきっと帰って来るよ
だから涙はそれまで取っておいて
いつもの笑顔で見送って欲しい

今　君を想う
どこにいても　何をしてても
君を想う
僕たちはひとつだ

遅くまでレッスンして
夢のために頑張ったね
喧嘩をして　傷ついて
慰めて　仲直りしたあの日

思い出が足りないから
早く　早く帰って来てね
だからお互い成長できるように
遠くのライバル　ずっと競い合おう

ふと　風の中に
君の声が聴こえて来る
風の中に
僕たちの約束

今　君を想う
どこにいても　何をしてても
君を想う
僕たちはひとつだ

君を想う
目を閉じれば　今もここに…
君を想う
旅立ちの仲間よ",https://www.uta-net.com/song/170384/
156542,ウインクは3回,秋元康,truly truth,野中“まさ”雄一,ウインクは3回　そう勝手に決めてた　言葉より伝わるでしょう　瞳の奥で囁(ささや)くわ　あなたが大好き　瞬(まばた)きサイン　　ライバルが多すぎるの　学校中にファンばかり　校庭を歩くだけで　窓辺にすずなりの女子　　廊下ですれ違ったら　チャンスは逃がさない　一瞬の隙を見て　試してみるわ　Hey! Hey! Hey!　　ウインクは3回　1回じゃ少なすぎる　4回は多いし　3回くらいがちょうどいい告白　まわりには気づかれないで　視線の意味がわかるはず　私を覚えて　ファーストメッセージ　　放課後の校門には　他の学校の女子がいっぱいで　サッカー部の練習終わりまで　出待ちするファンミーティング　　順番　ただ待ってたら　何にも始まらない　目と目が合った時に　祈ってみるわ　Oh プリーズ!　　ウインクは3回　そう勝手に決めてた　印象に残るかな　左目の方が得意だって思う　言葉より伝わるでしょう　瞳の奥で囁(ささや)くわ　あなたが大好き　瞬(まばた)きサイン　　ウインクは3回　1回じゃ少なすぎる　4回は多いし　3回くらいがちょうどいい告白　まわりには気づかれないで　視線の意味がわかるはず　私を覚えて　ファーストメッセージ,"ウインクは3回
そう勝手に決めてた
言葉より伝わるでしょう
瞳の奥で囁(ささや)くわ
あなたが大好き
瞬(まばた)きサイン

ライバルが多すぎるの
学校中にファンばかり
校庭を歩くだけで
窓辺にすずなりの女子

廊下ですれ違ったら
チャンスは逃がさない
一瞬の隙を見て
試してみるわ
Hey! Hey! Hey!

ウインクは3回
1回じゃ少なすぎる
4回は多いし
3回くらいがちょうどいい告白
まわりには気づかれないで
視線の意味がわかるはず
私を覚えて
ファーストメッセージ

放課後の校門には
他の学校の女子がいっぱいで
サッカー部の練習終わりまで
出待ちするファンミーティング

順番　ただ待ってたら
何にも始まらない
目と目が合った時に
祈ってみるわ
Oh プリーズ!

ウインクは3回
そう勝手に決めてた
印象に残るかな
左目の方が得意だって思う
言葉より伝わるでしょう
瞳の奥で囁(ささや)くわ
あなたが大好き
瞬(まばた)きサイン

ウインクは3回
1回じゃ少なすぎる
4回は多いし
3回くらいがちょうどいい告白
まわりには気づかれないで
視線の意味がわかるはず
私を覚えて
ファーストメッセージ",https://www.uta-net.com/song/156542/
224133,HKT48ファミリー,秋元康,丸谷マナブ・本柳タカヲ,,あれから何年経った？　集まってから　笑って泣いた毎日　いろいろあったね　嬉しいこと　悲しいこと　悔しいことも　みんながいてくれたから　しあわせな日々　　まだまだ(まだまだ)これから(これから)　夢　見続けるこの場所で　歌おう(歌おう)踊ろう(踊ろう)　世界で一番盛り上がろう　　HKT48　隣の人と肩を組もうよ　HKT48　熱い気持ち　一つになろう　HKT48ファミリー　　新たな人生探し　卒業もあった　一緒に汗　かいたら　今でも仲間だ　オーディションで入ってきた　新人だって　同(おんな)じ空　見上げて　青春の時間(とき)　　さあさあ(さあさあ)これから(これから)　全力疾走　終わらない　叫ぼう(叫ぼう)手を振ろう(手を振ろう)　みんなが燃え尽きるまで　　HKT48　ここにいるのは仲間じゃないか　HKT48　大きな声で口ずさもうよ　GO！ GO！ GO！ GO！　　恥ずかしがらないで　勇気出して歌いなさい　関係者席も　立ち上がって盛り上がれ！　　HKT48　隣の人と肩を組もうよ　HKT48　熱い気持ち　一つになろう　HKT48　HKT48ファミリー　HKT48　みんな　大好き～　　HKT48,"あれから何年経った？
集まってから
笑って泣いた毎日
いろいろあったね
嬉しいこと　悲しいこと
悔しいことも
みんながいてくれたから
しあわせな日々

まだまだ(まだまだ)これから(これから)
夢　見続けるこの場所で
歌おう(歌おう)踊ろう(踊ろう)
世界で一番盛り上がろう

HKT48
隣の人と肩を組もうよ
HKT48
熱い気持ち　一つになろう
HKT48ファミリー

新たな人生探し
卒業もあった
一緒に汗　かいたら
今でも仲間だ
オーディションで入ってきた
新人だって
同(おんな)じ空　見上げて
青春の時間(とき)

さあさあ(さあさあ)これから(これから)
全力疾走　終わらない
叫ぼう(叫ぼう)手を振ろう(手を振ろう)
みんなが燃え尽きるまで

HKT48
ここにいるのは仲間じゃないか
HKT48
大きな声で口ずさもうよ
GO！ GO！ GO！ GO！

恥ずかしがらないで
勇気出して歌いなさい
関係者席も
立ち上がって盛り上がれ！

HKT48
隣の人と肩を組もうよ
HKT48
熱い気持ち　一つになろう
HKT48
HKT48ファミリー
HKT48
みんな　大好き～

HKT48",https://www.uta-net.com/song/224133/
180725,大人列車,秋元康,外山大輔,野中“まさ”雄一,動き出した車輪　君が乗っているのに…　駅のホームで数秒　僕は間に合わなかった　遠い街へ向かう　噂　聞いていたけど　まさかこんなに急だと　知らなかったよ　　さよならを言えば　自分の気持ち　ちゃんと整理できたのだろうか？　　大人列車　僕はまた乗れぬまま　見送りながら　胸の奥の痛みに　何か教えられる　こんなに悲しい別れと　深い絶望の淵で　光を探すように　悲しみ　克服して行く　　ベルが鳴った瞬間　君は振り向いたのかな　ここに残した未来が　後ろ髪引く　　約束をすれば　時間通りに　僕は見送りに来ただろうか？　　大人列車　君は一人乗り込み　知らぬ世界へ　僕はいつものように　夢を見て願うよ　誰もいないこの場所を　いつか旅立つ日が来ると…　今しかできないこと　もどかしいだけの青春　　恋はいつも中途半端に終わり　孤独を知るよ　若さとは不器用で　やり残すもの　　大人列車　僕はまた乗れぬまま　見送りながら　胸の奥の痛みに　何か教えられる　こんなに悲しい別れと　深い絶望の淵で　光を探すように　悲しみ　克服して行く,"動き出した車輪
君が乗っているのに…
駅のホームで数秒
僕は間に合わなかった
遠い街へ向かう
噂　聞いていたけど
まさかこんなに急だと
知らなかったよ

さよならを言えば
自分の気持ち
ちゃんと整理できたのだろうか？

大人列車　僕はまた乗れぬまま
見送りながら
胸の奥の痛みに
何か教えられる
こんなに悲しい別れと
深い絶望の淵で
光を探すように
悲しみ　克服して行く

ベルが鳴った瞬間
君は振り向いたのかな
ここに残した未来が
後ろ髪引く

約束をすれば
時間通りに
僕は見送りに来ただろうか？

大人列車　君は一人乗り込み
知らぬ世界へ
僕はいつものように
夢を見て願うよ
誰もいないこの場所を
いつか旅立つ日が来ると…
今しかできないこと
もどかしいだけの青春

恋はいつも中途半端に終わり
孤独を知るよ
若さとは不器用で
やり残すもの

大人列車　僕はまた乗れぬまま
見送りながら
胸の奥の痛みに
何か教えられる
こんなに悲しい別れと
深い絶望の淵で
光を探すように
悲しみ　克服して行く",https://www.uta-net.com/song/180725/
143892,お願いヴァレンティヌ,秋元康,小川コータ,生田真心,一生で何回くらい　好きな人に　出逢えるのかな?　こんなに切なく苦しいのは　彼が最初で最後でしょう　　学生服の　その背中に　声を掛けられない　　お願いヴァレンティヌ　チャンスください　部室へ向かった　踊り場の途中で　今日は特別　そう告白DAY　みんなに紛れながら　そっと…　お願いヴァレンティヌ　チョコをあげたい　クラスメイトに　気づかれないように…　すれ違い様　こっそり　バレンタインデー希望　　一年で一回だけ　臆病者にも　勇気の時　当たって砕ければいいなんて　第三者は無責任ね　　あんなにいっぱい　チョコを貰った　彼が遠くに見える　　お願いヴァレンティヌ　愛をください　もしも答えが　NOでも構わない　告白しなきゃ　そうよハートが　破裂しそうなのよ　パンって…　お願いヴァレンティヌ　思い出したい　こんなに好きで　息もできないくらい　何をしてても　チクチク　胸が痛んだ日々を…　　ねえ　片想いも　捨てたものじゃない　ロマンティックなスリル　　お願いヴァレンティヌ　チャンスください　部室へ向かった　踊り場の途中で　今日は特別　そう告白DAY　みんなに紛れながら　そっと…　お願いヴァレンティヌ　チョコをあげたい　クラスメイトに　気づかれないように…　すれ違い様　こっそり　バレンタインデー　バレンタインデー　バレンタインデー　グッドラック!,"一生で何回くらい
好きな人に
出逢えるのかな?
こんなに切なく苦しいのは
彼が最初で最後でしょう

学生服の
その背中に
声を掛けられない

お願いヴァレンティヌ
チャンスください
部室へ向かった
踊り場の途中で
今日は特別
そう告白DAY
みんなに紛れながら
そっと…
お願いヴァレンティヌ
チョコをあげたい
クラスメイトに
気づかれないように…
すれ違い様
こっそり
バレンタインデー希望

一年で一回だけ
臆病者にも
勇気の時
当たって砕ければいいなんて
第三者は無責任ね

あんなにいっぱい
チョコを貰った
彼が遠くに見える

お願いヴァレンティヌ
愛をください
もしも答えが
NOでも構わない
告白しなきゃ
そうよハートが
破裂しそうなのよ
パンって…
お願いヴァレンティヌ
思い出したい
こんなに好きで
息もできないくらい
何をしてても
チクチク
胸が痛んだ日々を…

ねえ　片想いも
捨てたものじゃない
ロマンティックなスリル

お願いヴァレンティヌ
チャンスください
部室へ向かった
踊り場の途中で
今日は特別
そう告白DAY
みんなに紛れながら
そっと…
お願いヴァレンティヌ
チョコをあげたい
クラスメイトに
気づかれないように…
すれ違い様
こっそり
バレンタインデー
バレンタインデー
バレンタインデー
グッドラック!",https://www.uta-net.com/song/143892/
303597,思い出にするにはまだ早すぎる,秋元康,小網準,,いくつ言葉を並べてみたって　この想いは伝わらないだろう　心の中はとても複雑で　何を言っても違う気がする　　君にだけは　思ってることわかって欲しいのに…　ああ　なぜか　胸が苦しい　　思い出にするにはまだ早すぎて　振り返れないよ　僕たちが会ったのは昨日のようだ　サヨナラを言うのは　もっともっと先だと思った　涙を隠すまで　もう少し時間くれないか　　ちゃんと自分の口から言おうと　いつの日からか漠然と思ってた　それが誠意だと信じていたから　逃げ出さないで向き合いたかった　　僕がなんで　こんな急な別れを選んだのか…　ああ　話さなきゃと思う　　思い出のページをあと少しだけ　綴(つづ)らせて欲しい　残されたその日まで　変わらないまま　二つに分かれてる道は遠い未来の気がした　悲しみに暮れるのは　一人の部屋でもいいじゃないか　　僕のわがまま　頷き　微笑んで勇気を与えてくれた人　ありがとう　　思い出はいつでも美しすぎて　忘れられないよ　俯(うつむ)いてしまうのは　寂しいからだ　　思い出にするにはまだ早すぎて　振り返れないよ　僕たちが会ったのは昨日のようだ　サヨナラを言うのは　もっともっと先だと思った　涙を隠すまで　もう少し時間くれないか,"いくつ言葉を並べてみたって
この想いは伝わらないだろう
心の中はとても複雑で
何を言っても違う気がする

君にだけは　思ってることわかって欲しいのに…　ああ
なぜか　胸が苦しい

思い出にするにはまだ早すぎて　振り返れないよ
僕たちが会ったのは昨日のようだ
サヨナラを言うのは　もっともっと先だと思った
涙を隠すまで
もう少し時間くれないか

ちゃんと自分の口から言おうと
いつの日からか漠然と思ってた
それが誠意だと信じていたから
逃げ出さないで向き合いたかった

僕がなんで　こんな急な別れを選んだのか…　ああ
話さなきゃと思う

思い出のページをあと少しだけ　綴(つづ)らせて欲しい
残されたその日まで　変わらないまま
二つに分かれてる道は遠い未来の気がした
悲しみに暮れるのは
一人の部屋でもいいじゃないか

僕のわがまま　頷き
微笑んで勇気を与えてくれた人
ありがとう

思い出はいつでも美しすぎて　忘れられないよ
俯(うつむ)いてしまうのは　寂しいからだ

思い出にするにはまだ早すぎて　振り返れないよ
僕たちが会ったのは昨日のようだ
サヨナラを言うのは　もっともっと先だと思った
涙を隠すまで
もう少し時間くれないか",https://www.uta-net.com/song/303597/
248303,仮想恋愛,秋元康,三谷秀甫・Bassick,Bassick・三谷秀甫,仮想恋愛　始めようか　仮想恋愛　　リアルに彼なんかがいると　意外にメンドーだよ　イメージで　付き合ってれば　楽チン　自分が会いたい時だけ　ソッコー　呼び出すの　24時間　どこにいたって　OK！　　私(自由で)いつも(わがまま)　束縛　苦手よ　　抱きしめてって言いたくない　キスしてって言いたくない　そんなの我慢できる(もちろん)　寂しくはないからね　だって　やさしくされたって　そのうちに　どこかにいなくなっちゃうでしょ？　生々しい愛なんて　いつのまにか　賞味期限切れ　一番安心な　バーチャルラブ　　仮想恋愛　始めようか　仮想恋愛　仮想恋愛　さあ　これから　仮想恋愛　　いつでもリクエストをすれば　どこでも現れるよ　AI(エーアイ)は賢いからね　最高　そんなに会いたくない時　無視して構わない　私から呼ばれるまで　スタンバイ　　二人(別れは)簡単(クールに)　スイッチ　切るだけ　　傷つくのが怖いから　傷つけるのが怖いから　本気になりたくない(うそ！)　触ったりできないけど　いいの　どんなにラブラブなカップルも　いつかは終わるし　聞き分けいいような恋なんて都市伝説　あるわけないでしょ？　理想の恋人は　バーチャルガイ　　ネット上で　盗まれないように　　抱きしめてって言いたくない　キスしてって言いたくない　そんなの我慢できる(もちろん)　寂しくはないからね　だって　やさしくされたって　そのうちに　どこかにいなくなっちゃうでしょ？　生々しい愛なんて　いつのまにか　賞味期限切れ　一番安心な　バーチャルラブ　　仮想恋愛　始めましょう　仮想恋愛　仮想恋愛　さあ今すぐ　仮想恋愛,"仮想恋愛
始めようか
仮想恋愛

リアルに彼なんかがいると
意外にメンドーだよ
イメージで　付き合ってれば
楽チン
自分が会いたい時だけ
ソッコー　呼び出すの
24時間　どこにいたって
OK！

私(自由で)いつも(わがまま)
束縛　苦手よ

抱きしめてって言いたくない
キスしてって言いたくない
そんなの我慢できる(もちろん)
寂しくはないからね　だって
やさしくされたって　そのうちに
どこかにいなくなっちゃうでしょ？
生々しい愛なんて　いつのまにか
賞味期限切れ
一番安心な　バーチャルラブ

仮想恋愛
始めようか
仮想恋愛
仮想恋愛
さあ　これから
仮想恋愛

いつでもリクエストをすれば
どこでも現れるよ
AI(エーアイ)は賢いからね
最高
そんなに会いたくない時
無視して構わない
私から呼ばれるまで
スタンバイ

二人(別れは)簡単(クールに)
スイッチ　切るだけ

傷つくのが怖いから
傷つけるのが怖いから
本気になりたくない(うそ！)
触ったりできないけど　いいの
どんなにラブラブなカップルも
いつかは終わるし
聞き分けいいような恋なんて都市伝説
あるわけないでしょ？
理想の恋人は　バーチャルガイ

ネット上で
盗まれないように

抱きしめてって言いたくない
キスしてって言いたくない
そんなの我慢できる(もちろん)
寂しくはないからね　だって
やさしくされたって　そのうちに
どこかにいなくなっちゃうでしょ？
生々しい愛なんて　いつのまにか
賞味期限切れ
一番安心な　バーチャルラブ

仮想恋愛
始めましょう
仮想恋愛
仮想恋愛
さあ今すぐ
仮想恋愛",https://www.uta-net.com/song/248303/
233668,キスは待つしかないのでしょうか？,秋元康,井上トモノリ,APAZZI,"How to kiss me？　Someday, Love me！　How to kiss me？　Someday, Love me！　　この苦しい胸のつかえを　どう表現すればいい？　地球上の全ての言葉を　探しても見つからない　　図書室の棚の隙間から　彼の横顔に憧れた　私の恋はいつも　陽の当たらない　本と秘密の匂いがする　　キスの仕方を　教えて欲しい　どうすればいいの？　どのタイミングで目を閉じるの？　女の子は(女の子は)　待つしかないのでしょうか？　　How to kiss me？　Someday, Love me！　　誰かのこと好きになる度　なぜわかって欲しいのか？　答えを聞く勇気はないのに　存在に　ねえ気づいて　　雨の日の渡り廊下って　彼に会えそうな気がする　こんな天気の午後は図書室だけが　たった一人で居られる場所　　キスのプロセス　悩んでしまう　どんなきっかけで　ロマンティックになって行くの？　男の子を(男の子を)　誘ってはいけませんか？　　「あのぅ…すいません…　キス、しませんか？」　　キスの仕方を　教えて欲しい　どうすればいいの？　どのタイミングで目を閉じるの？　女の子は(女の子は)　待つしかないのでしょうか？　　How to kiss me？　Someday, Love me！　How to kiss me？　Someday, Love me！","How to kiss me？
Someday, Love me！
How to kiss me？
Someday, Love me！

この苦しい胸のつかえを
どう表現すればいい？
地球上の全ての言葉を
探しても見つからない

図書室の棚の隙間から
彼の横顔に憧れた
私の恋はいつも　陽の当たらない
本と秘密の匂いがする

キスの仕方を
教えて欲しい
どうすればいいの？
どのタイミングで目を閉じるの？
女の子は(女の子は)
待つしかないのでしょうか？

How to kiss me？
Someday, Love me！

誰かのこと好きになる度
なぜわかって欲しいのか？
答えを聞く勇気はないのに
存在に　ねえ気づいて

雨の日の渡り廊下って
彼に会えそうな気がする
こんな天気の午後は図書室だけが
たった一人で居られる場所

キスのプロセス
悩んでしまう
どんなきっかけで
ロマンティックになって行くの？
男の子を(男の子を)
誘ってはいけませんか？

「あのぅ…すいません…
キス、しませんか？」

キスの仕方を
教えて欲しい
どうすればいいの？
どのタイミングで目を閉じるの？
女の子は(女の子は)
待つしかないのでしょうか？

How to kiss me？
Someday, Love me！
How to kiss me？
Someday, Love me！",https://www.uta-net.com/song/233668/
248307,季節のせいにしたくはない,秋元康,三日市吉陽,三日市吉陽,少し早くないか　向日葵(ひまわり)の花　そんな生き急いじゃもったいないよ　太陽をいつでも探してただろう？　夏がやって来るのはまだまだ先だ　　長雨の後のアパートの壁　まだ残ってる染みが何か言いたげで　鉄骨の階段　カタカタ降りる　僕の足音　聞いているか？　　季節のせいにしたくはないけど　抱き合った回数も減ってしまった　湿度が高く　ジメジメとして　僕たちの関係もカビが生えた　　早く花が咲けば　早く枯れてく　先に夢を見るか　後で想うか？　僕たちはあんなに愛し合ったし　儚(はかな)くも美しく散って行くんだ　　つけっ放しのテレビが伝えているよ　天気図の上では梅雨が明けると…　確かに青空は見えているけど　悲しみなんて消えるものか　　季節が過ぎてようやく気づく　本当に大切なその何かとは？　凍える冬も憂鬱な春も　見送って　淡々と暮らすことだ　　冷蔵庫のカレンダーは　ずっと先に印がある　守られない約束なんて　全然　意味などないよ　　季節はいつも風に託して　置き去りのしあわせを教えてくれる　　季節のせいにしたくはないけど　抱き合った回数も減ってしまった　湿度が高く　ジメジメとして　僕たちの関係もカビが生えた,"少し早くないか　向日葵(ひまわり)の花
そんな生き急いじゃもったいないよ
太陽をいつでも探してただろう？
夏がやって来るのはまだまだ先だ

長雨の後のアパートの壁
まだ残ってる染みが何か言いたげで
鉄骨の階段　カタカタ降りる
僕の足音　聞いているか？

季節のせいにしたくはないけど
抱き合った回数も減ってしまった
湿度が高く　ジメジメとして
僕たちの関係もカビが生えた

早く花が咲けば　早く枯れてく
先に夢を見るか　後で想うか？
僕たちはあんなに愛し合ったし
儚(はかな)くも美しく散って行くんだ

つけっ放しのテレビが伝えているよ
天気図の上では梅雨が明けると…
確かに青空は見えているけど
悲しみなんて消えるものか

季節が過ぎてようやく気づく
本当に大切なその何かとは？
凍える冬も憂鬱な春も
見送って　淡々と暮らすことだ

冷蔵庫のカレンダーは
ずっと先に印がある
守られない約束なんて
全然　意味などないよ

季節はいつも風に託して
置き去りのしあわせを教えてくれる

季節のせいにしたくはないけど
抱き合った回数も減ってしまった
湿度が高く　ジメジメとして
僕たちの関係もカビが生えた",https://www.uta-net.com/song/248307/
301838,君とどこかへ行きたい,秋元康,川浦正大,野中“まさ”雄一,「今年の夏は暑くなる」って　気象予報士が言ってた　　「髪を短くしようかな」　君がうなじを見せる　　手を伸ばせば届く距離に　僕たちはいつもいる　近すぎる関係じゃ　恋は始まらないよ　　君とどこかへ行きたいんだ　ここじゃないもっと遠くまで　日常から脱出しよう　線路は続いている　　泊まりがけは叱られるかな　僕の知らない君を見たい　窓の外の空はいつも　今日と明日　違う色だ　新しい世界へ　発車ベルが鳴る　　君が可愛いと言っていた　お揃いのパジャマを買おう　　手と手繋ぎ　目を閉じれば　同じ夢　見れるかな　夜明けまで喋るのも　恋のカタチの一つ　　君と遠くへ旅したいんだ　行ったことがない涯(はて)まで　地平線の向こう側に　ドラマティックな星が待ってる　列車よ　連れてって　初めてのあの街　　ずっと　忘れられないだろう　特別な今年の夏　友達から恋人への　大人急行　　君とどこかへ行きたいんだ　ここじゃないもっと遠くまで　日常から脱出しよう　線路は続いている　　泊まりがけは叱られるかな　僕の知らない君を見たい　窓の外の空はいつも　今日と明日　違う色だ　新しい世界へ　発車ベルが鳴る,"「今年の夏は暑くなる」って
気象予報士が言ってた

「髪を短くしようかな」
君がうなじを見せる

手を伸ばせば届く距離に
僕たちはいつもいる
近すぎる関係じゃ
恋は始まらないよ

君とどこかへ行きたいんだ
ここじゃないもっと遠くまで
日常から脱出しよう
線路は続いている

泊まりがけは叱られるかな
僕の知らない君を見たい
窓の外の空はいつも
今日と明日　違う色だ
新しい世界へ
発車ベルが鳴る

君が可愛いと言っていた
お揃いのパジャマを買おう

手と手繋ぎ　目を閉じれば
同じ夢　見れるかな
夜明けまで喋るのも
恋のカタチの一つ

君と遠くへ旅したいんだ
行ったことがない涯(はて)まで
地平線の向こう側に
ドラマティックな星が待ってる
列車よ　連れてって
初めてのあの街

ずっと　忘れられないだろう
特別な今年の夏
友達から恋人への
大人急行

君とどこかへ行きたいんだ
ここじゃないもっと遠くまで
日常から脱出しよう
線路は続いている

泊まりがけは叱られるかな
僕の知らない君を見たい
窓の外の空はいつも
今日と明日　違う色だ
新しい世界へ
発車ベルが鳴る",https://www.uta-net.com/song/301838/
160673,君のことが好きやけん,秋元康,織田哲郎,野中“まさ”雄一,君がしあわせやったら　この時間が続くように　ずっと　ずっと　ずっと　ずっと　祈っとるばい　風に吹かれても　僕がその花を　守るけん　　愛とは返事を求めない声ったい　一方的に贈るもん　　太陽の下笑って　歌え!踊れ!自由に!　　君のことが好きやけん　僕はいつもここにおると　人ごみに紛れて気づかんくてもよか　君のことが好きやけん　君と会えたそのことだけで　暖かい気持ちでいっぱいになるっちゃん　　君が悩んどー時は　ただ黙って聞きながら　雨を避(よ)ける傘を　傾けるばい　落ちるその涙　見えない指で拭うけん　　恋とは静かに　広がってく波紋　その中心は君やけん　　悲しみなんて負けずに　夢の空を見上げて!　　君のことを思う度　巡り会えたその偶然　人生で一回の　奇跡を信じとる　君のことを思う度　僕は神に感謝しとるばい　振り向いてくれるんは　永遠の先　　君のことが好きやけん　僕はいつもここにおると　人混みに紛れて　気づかんくてもよか　君のことが好きやけん　君と会えたそのことだけで　暖かい気持ちで　いっぱいになるっちゃん　永遠の先,"君がしあわせやったら
この時間が続くように
ずっと　ずっと　ずっと　ずっと　祈っとるばい
風に吹かれても
僕がその花を　守るけん

愛とは返事を求めない声ったい
一方的に贈るもん

太陽の下笑って
歌え!踊れ!自由に!

君のことが好きやけん
僕はいつもここにおると
人ごみに紛れて気づかんくてもよか
君のことが好きやけん
君と会えたそのことだけで
暖かい気持ちでいっぱいになるっちゃん

君が悩んどー時は　ただ黙って聞きながら
雨を避(よ)ける傘を　傾けるばい
落ちるその涙
見えない指で拭うけん

恋とは静かに　広がってく波紋
その中心は君やけん

悲しみなんて負けずに
夢の空を見上げて!

君のことを思う度
巡り会えたその偶然
人生で一回の　奇跡を信じとる
君のことを思う度
僕は神に感謝しとるばい
振り向いてくれるんは　永遠の先

君のことが好きやけん
僕はいつもここにおると
人混みに紛れて　気づかんくてもよか
君のことが好きやけん
君と会えたそのことだけで
暖かい気持ちで　いっぱいになるっちゃん
永遠の先",https://www.uta-net.com/song/160673/
160677,君はどうして？,秋元康,後藤次利,後藤次利,君はどうして?　君はどうして?　　夏の駅へ向かう　道の途中　花柄ノースリーブ　君と会ったよ　　髪を伸ばした面影　わからなくて　もう一度　振り向き　確認したよ　　中学時代は　部活が忙しくて　ジャージの上下で　男みたいだった　　君はどうして(どうして)　輝いてるの?(キラキラ)　いつのまにか　キレイになってた(キレイになってた)　君はどうして(どうして)　輝いてるの?(キラキラ)　何かあったの?　恋でもしてるの?(恋でもしてるの?)　今(今)　さら(さら)　日差しの中で　眩しく見えた　少女　　君もやっと　僕に気づいてくれた　お互いいろいろ　変わったんだね　　いつもの道なのに　今まで見過ごしてた　名もない雑草が　花をつけるなんて…　　君はいつから(いつから)　輝き始めた?(クラクラ)　近づいて来た　季節のせいかな　(季節のせいかな)　君はいつから(いつから)　輝き始めた?(クラクラ)　日陰に差した　木漏れ日みたいに…　(木漏れ日みたいに…)　　ゆら(ゆら)　ゆら(ゆら)　微笑みながら　僕を見ている　君さ　　君はどうして　輝いてるの?　いつのまにか　キレイになってた　君はどうして(どうして)　輝いてるの?(キラキラ)　何かあったの?　恋でもしてるの?(恋でもしてるの?)　今(今)　さら(さら)　日差しの中で　眩しく見えた　少女　　好きだ　　君はどうして?,"君はどうして?
君はどうして?

夏の駅へ向かう
道の途中
花柄ノースリーブ
君と会ったよ

髪を伸ばした面影
わからなくて
もう一度　振り向き
確認したよ

中学時代は
部活が忙しくて
ジャージの上下で
男みたいだった

君はどうして(どうして)
輝いてるの?(キラキラ)
いつのまにか
キレイになってた(キレイになってた)
君はどうして(どうして)
輝いてるの?(キラキラ)
何かあったの?
恋でもしてるの?(恋でもしてるの?)
今(今)
さら(さら)
日差しの中で
眩しく見えた
少女

君もやっと
僕に気づいてくれた
お互いいろいろ
変わったんだね

いつもの道なのに
今まで見過ごしてた
名もない雑草が
花をつけるなんて…

君はいつから(いつから)
輝き始めた?(クラクラ)
近づいて来た
季節のせいかな
(季節のせいかな)
君はいつから(いつから)
輝き始めた?(クラクラ)
日陰に差した
木漏れ日みたいに…
(木漏れ日みたいに…)

ゆら(ゆら)
ゆら(ゆら)
微笑みながら
僕を見ている
君さ

君はどうして
輝いてるの?
いつのまにか
キレイになってた
君はどうして(どうして)
輝いてるの?(キラキラ)
何かあったの?
恋でもしてるの?(恋でもしてるの?)
今(今)
さら(さら)
日差しの中で
眩しく見えた
少女

好きだ

君はどうして?",https://www.uta-net.com/song/160677/
332165,君はもっとできる,秋元康,Toshikazu.K・川浦正大,Toshikazu.K,君はもっとできる　　何を躊躇う？(躊躇う？)　ここでやらずに　いつやるつもりだ？　何も恐れるな(恐れるな)　失うものはないだろう？　　心の森に迷い込んでも　さあ　翳(かげ)った　木々の下で　絶対　立ち止まるな　　君はもっとできる　今よりももっともっと　自分のこと　ちゃんとちゃんと　そう信じてごらんよ　君はずっとずっと　この先へもっともっと　誰も見たことのない　あの場所へ行けるんだ　君はもっとできる　　何が邪魔する？(邪魔する？)　誰が行く手を阻(はば)んでいるのか？　そんな壁なんか(壁なんか)　もう乗り越えてしまえよ　　陽射しの向きは　すぐに変わるよ　そう　悩みの曇り空は　一気に走り抜けろ！　　夢はきっと叶う　いつの日かきっときっと　手を伸ばせば　きっときっと　現実のものになる　花はそっとそっと　咲くものだ　ふいにふいに　自分でも気付かぬうち　少しずつ近づいてる　夢はきっと叶う　　理屈なんて　どうだっていいんだ　自分から　諦めたりするな　今できるのは　立ち向かうことだ　その力があるだろう　　せ～の　もっともっと　声を出せ　もっともっと　全力で　もっともっと　拳挙げて叫べよ　せ～の　もっともっと　盛り上がれ　もっともっと　熱くなれ　もっともっと　青春は爆発だ　　君はもっとできる　今よりももっともっと　自分のこと　ちゃんとちゃんと　そう信じてごらんよ　君はずっとずっと　この先へもっともっと　誰も見たことのない　あの場所へ行けるんだ　君はもっとできる　　夢はきっと叶う,"君はもっとできる

何を躊躇う？(躊躇う？)
ここでやらずに　いつやるつもりだ？
何も恐れるな(恐れるな)
失うものはないだろう？

心の森に迷い込んでも
さあ　翳(かげ)った　木々の下で
絶対　立ち止まるな

君はもっとできる　今よりももっともっと
自分のこと　ちゃんとちゃんと　そう信じてごらんよ
君はずっとずっと　この先へもっともっと
誰も見たことのない　あの場所へ行けるんだ
君はもっとできる

何が邪魔する？(邪魔する？)
誰が行く手を阻(はば)んでいるのか？
そんな壁なんか(壁なんか)
もう乗り越えてしまえよ

陽射しの向きは　すぐに変わるよ
そう　悩みの曇り空は
一気に走り抜けろ！

夢はきっと叶う　いつの日かきっときっと
手を伸ばせば　きっときっと　現実のものになる
花はそっとそっと　咲くものだ　ふいにふいに
自分でも気付かぬうち　少しずつ近づいてる
夢はきっと叶う

理屈なんて　どうだっていいんだ
自分から　諦めたりするな
今できるのは　立ち向かうことだ
その力があるだろう

せ～の　もっともっと　声を出せ　もっともっと
全力で　もっともっと　拳挙げて叫べよ
せ～の　もっともっと　盛り上がれ　もっともっと
熱くなれ　もっともっと　青春は爆発だ

君はもっとできる　今よりももっともっと
自分のこと　ちゃんとちゃんと　そう信じてごらんよ
君はずっとずっと　この先へもっともっと
誰も見たことのない　あの場所へ行けるんだ
君はもっとできる

夢はきっと叶う",https://www.uta-net.com/song/332165/
143900,キレイゴトでもいいじゃないか？,秋元康,章夫,佐々木裕,風が通り過ぎる度に　緑の道ができるよ　草のその上を踏みしめ　誰か歩くように…　　他人(ひと)とは違う意見を　はっきり言うことは勇気がいる　だけど　まっすぐは　美しい　　キレイゴトでもいいじゃないか?　何も言わないより正しい　僕はそんな君のことを　誰よりも尊敬する　匿名で守られた人に　偽善だと言われてもいい　何に怯えることもなく　君は君であるべきだ　　そんな僕は何者か?と　自分に問いかけてみた　いつも真実に向かって　歩く人でありたい　　鏡の中を覗けば　向こう側　こちら側　繋がってる　恥をかくために　生きている　　キレイゴトでもいいじゃないか?　嵐　やり過ごすのは卑怯だ　そんな当たり前のことを　いつからか忘れていた　前に出て嫌われたとしても　その痛みに悔いはない　何にためらうこともなく　僕は僕で泣くべきだ　　キレイゴトでもいいじゃないか?　何も言わないより正しい　僕はそんな君のことを　誰よりも尊敬する　匿名で守られた人に　偽善だと言われてもいい　何に怯えることもなく　君は君であるべきだ　　まっすぐ　君は君であるべきだ,"風が通り過ぎる度に
緑の道ができるよ
草のその上を踏みしめ
誰か歩くように…

他人(ひと)とは違う意見を
はっきり言うことは勇気がいる
だけど　まっすぐは
美しい

キレイゴトでもいいじゃないか?
何も言わないより正しい
僕はそんな君のことを
誰よりも尊敬する
匿名で守られた人に
偽善だと言われてもいい
何に怯えることもなく
君は君であるべきだ

そんな僕は何者か?と
自分に問いかけてみた
いつも真実に向かって
歩く人でありたい

鏡の中を覗けば
向こう側　こちら側　繋がってる
恥をかくために
生きている

キレイゴトでもいいじゃないか?
嵐　やり過ごすのは卑怯だ
そんな当たり前のことを
いつからか忘れていた
前に出て嫌われたとしても
その痛みに悔いはない
何にためらうこともなく
僕は僕で泣くべきだ

キレイゴトでもいいじゃないか?
何も言わないより正しい
僕はそんな君のことを
誰よりも尊敬する
匿名で守られた人に
偽善だと言われてもいい
何に怯えることもなく
君は君であるべきだ

まっすぐ
君は君であるべきだ",https://www.uta-net.com/song/143900/
198142,恋の指先,秋元康,IKEZO,IKEZO,教室の窓を　開けたら聴こえるよ　音楽室から　彼女が弾くピアノ　　そよ風に乗って　ここまで届くんだ　野球部の声を　伴奏するように…　　放課後　この机　僕だけの指定席　家には帰りたくなくて　君のことを想っているよ　　恋の指先　ハートを辿(たど)るように　美しいメロディーを　切なく奏でてる　君に会ったら　何も言えない　校舎の片隅で　１人のオーディエンス　　土曜日の午後に　練習しているよ　何度も止まって　またやり直すピアノ　　瞳　閉じながら　想像してるんだ　僕の目の前で　今　弾いてるように…　　長い髪を束ね　春色の制服で　自分の夢と向き合って　君は時を忘れてしまう　　恋の指先　誰かに語るように　五線譜の音符たち　やさしく追いかける　君は知らない　僕のことなんか…　その曲　最初から　聴いてるオーディエンス　　上手になったよね　先週　聴いたより　２人のエチュード　片想い　　恋の指先　ハートを辿(たど)るように　美しいメロディーを　切なく奏でてる　君に会ったら　何も言えない　校舎の片隅で　１人のオーディエンス,"教室の窓を
開けたら聴こえるよ
音楽室から
彼女が弾くピアノ

そよ風に乗って
ここまで届くんだ
野球部の声を
伴奏するように…

放課後　この机
僕だけの指定席
家には帰りたくなくて
君のことを想っているよ

恋の指先
ハートを辿(たど)るように
美しいメロディーを
切なく奏でてる
君に会ったら
何も言えない
校舎の片隅で
１人のオーディエンス

土曜日の午後に
練習しているよ
何度も止まって
またやり直すピアノ

瞳　閉じながら
想像してるんだ
僕の目の前で
今　弾いてるように…

長い髪を束ね
春色の制服で
自分の夢と向き合って
君は時を忘れてしまう

恋の指先
誰かに語るように
五線譜の音符たち
やさしく追いかける
君は知らない
僕のことなんか…
その曲　最初から
聴いてるオーディエンス

上手になったよね
先週　聴いたより
２人のエチュード
片想い

恋の指先
ハートを辿(たど)るように
美しいメロディーを
切なく奏でてる
君に会ったら
何も言えない
校舎の片隅で
１人のオーディエンス",https://www.uta-net.com/song/198142/
214167,最高かよ,秋元康,和泉一弥,野中“まさ”雄一,I wanna do！ (I wanna do！)　I wanna kiss！ (I wanna kiss！)　　(君って！君って！最高かよ！)　(恋って！恋って！最高かよ！)　　(純情よろしく！)　(感情よろしく！)　　(あーよっしゃ行くぞー！)　(タイガー！ファイヤー！サイバー！ファイバー！　ダイバー！バイバー！ジャージャー！)　　夢の中まで　現れる　ときめきは消えることがない　意識したのは　いつからだろう　君が好きだよ　OH！ YEAH！　　風に膨らむ (オ～！オ～！)　窓のカーテン (オ～！超絶眩しい！)　日差しは　何を知ってるのか？ (知らないふりして！もう、いや～ん！　いじわるしないで！)　　HEY！ HEY！ HEY！　　I wanna do！ (I wanna do！)　I wanna kiss！ (I wanna kiss！)　君と出会って　すべて　変わった (熱烈歓迎！恋愛ウェルカム！)　I wanna do！ (I wanna do！)　I wanna kiss！ (I wanna kiss！)　なんてラッキーな人生 (ついてる！ついてる！運気は上々！)　素敵な想いを叫んでる (振られて上等！)　心の底から叫んでる (それでもハッピー！)　君って最高かよ　OH！ YEAH！ YEAH！　　何をしていても　この胸が　切なくて苦しくなるんだ　頭の隅に　ずっと消えない　君の微笑み　OH！ YEAH！　　退屈だった (オ～！オ～！)　僕の日常 (オ～！超絶ドリーム！)　キラキラ　輝いているんだ (この世はバラ色！ポジティブに！妄想勝ち組！)　HEY！ HEY！ HEY！　　I wanna do！ (I wanna do！)　I wanna love！ (I wanna love！)　君がいるから　僕は生きている (ロマンス万歳！恋人カムカム！)　I wanna do！ (I wanna do！)　I wanna love！ (I wanna love！)　なんて素晴らしい世界だ (楽しい！楽しい！気分はマックス！)　素直な気持ちを声に出そう (Yes で万歳！)　ちゃんと届くように声に出そう (No でもメモリー！)　君って最高かよ　　(あーよっしゃ行くぞー！)　(最高！最高！最高！最高！最高！最高！)　「最高かよ」　(虎！火！人造！繊維！海女！振動！化繊！飛！除去！)　(チャペ！アペ！カラ！キナ！ララ！トゥスケ！ミョーホントゥスケ！)　　好きになるって　いいもんだ (ハイ！)　できることなら　伝えたい (ハイ！)　目と目　合ったら　言えないから OH！ YEAH！ (ハイ！ハイ！ハイ！ハイ！ハイ！ハイ！)　ここの場所から　大声で (ハイ！)　僕の情熱　届けよう　OH！ YEAH！ OH！ YEAH！　せ～の！　1！ 2！ 3！　　I wanna do！ (I wanna do！)　I wanna kiss！ (I wanna kiss！)　君と出会って　すべて　変わった (熱烈歓迎！恋愛ウェルカム！)　I wanna do！ (I wanna do！)　I wanna kiss！ (I wanna kiss！)　なんてラッキーな人生 (ついてる！ついてる！運気は上々！)　素敵な想いを叫んでる (振られて上等！)　心の底から叫んでる (それでもハッピー！)　君って最高かよ　OH！ YEAH！ YEAH！　　I wanna do！ (I wanna do！)　I wanna kiss！ (I wanna kiss！)　　(君って！君って！最高かよ！)　(恋って！恋って！最高かよ！)　　(こんなに熱けりゃ青春本望！一人じゃないんだ！応援サンキュー！)　「みんなぁ～、最高かよ！」,"I wanna do！ (I wanna do！)
I wanna kiss！ (I wanna kiss！)

(君って！君って！最高かよ！)
(恋って！恋って！最高かよ！)

(純情よろしく！)
(感情よろしく！)

(あーよっしゃ行くぞー！)
(タイガー！ファイヤー！サイバー！ファイバー！
ダイバー！バイバー！ジャージャー！)

夢の中まで
現れる
ときめきは消えることがない
意識したのは
いつからだろう
君が好きだよ
OH！ YEAH！

風に膨らむ (オ～！オ～！)
窓のカーテン (オ～！超絶眩しい！)
日差しは
何を知ってるのか？ (知らないふりして！もう、いや～ん！
いじわるしないで！)

HEY！ HEY！ HEY！

I wanna do！ (I wanna do！)
I wanna kiss！ (I wanna kiss！)
君と出会って
すべて　変わった (熱烈歓迎！恋愛ウェルカム！)
I wanna do！ (I wanna do！)
I wanna kiss！ (I wanna kiss！)
なんてラッキーな人生 (ついてる！ついてる！運気は上々！)
素敵な想いを叫んでる (振られて上等！)
心の底から叫んでる (それでもハッピー！)
君って最高かよ
OH！ YEAH！ YEAH！

何をしていても
この胸が
切なくて苦しくなるんだ
頭の隅に
ずっと消えない
君の微笑み
OH！ YEAH！

退屈だった (オ～！オ～！)
僕の日常 (オ～！超絶ドリーム！)
キラキラ
輝いているんだ (この世はバラ色！ポジティブに！妄想勝ち組！)
HEY！ HEY！ HEY！

I wanna do！ (I wanna do！)
I wanna love！ (I wanna love！)
君がいるから
僕は生きている (ロマンス万歳！恋人カムカム！)
I wanna do！ (I wanna do！)
I wanna love！ (I wanna love！)
なんて素晴らしい世界だ (楽しい！楽しい！気分はマックス！)
素直な気持ちを声に出そう (Yes で万歳！)
ちゃんと届くように声に出そう (No でもメモリー！)
君って最高かよ

(あーよっしゃ行くぞー！)
(最高！最高！最高！最高！最高！最高！)
「最高かよ」
(虎！火！人造！繊維！海女！振動！化繊！飛！除去！)
(チャペ！アペ！カラ！キナ！ララ！トゥスケ！ミョーホントゥスケ！)

好きになるって
いいもんだ (ハイ！)
できることなら
伝えたい (ハイ！)
目と目　合ったら
言えないから OH！ YEAH！ (ハイ！ハイ！ハイ！ハイ！ハイ！ハイ！)
ここの場所から
大声で (ハイ！)
僕の情熱
届けよう
OH！ YEAH！ OH！ YEAH！
せ～の！
1！ 2！ 3！

I wanna do！ (I wanna do！)
I wanna kiss！ (I wanna kiss！)
君と出会って
すべて　変わった (熱烈歓迎！恋愛ウェルカム！)
I wanna do！ (I wanna do！)
I wanna kiss！ (I wanna kiss！)
なんてラッキーな人生 (ついてる！ついてる！運気は上々！)
素敵な想いを叫んでる (振られて上等！)
心の底から叫んでる (それでもハッピー！)
君って最高かよ
OH！ YEAH！ YEAH！

I wanna do！ (I wanna do！)
I wanna kiss！ (I wanna kiss！)

(君って！君って！最高かよ！)
(恋って！恋って！最高かよ！)

(こんなに熱けりゃ青春本望！一人じゃないんだ！応援サンキュー！)
「みんなぁ～、最高かよ！」",https://www.uta-net.com/song/214167/
160678,桜、みんなで食べた,秋元康,Ryosuke“Dr.R”Sakai,野中“まさ”雄一,長い時間かけて　仲良くなれたのに　もう別れの季節が来た　わかり合うまでに　クラスの誰かと　何度ケンカしただろう?　　(同じ)　紺の制服　帰り道に集まって　(ここで)　いつもの木の下　黙って青空を見ていた　　桜、みんなで食べた　満開の花びら　春風に吹かれた　一枚キャッチして…　桜、みんなで食べた　掌の花びら　サヨナラつぶやいて　思い出と一緒に　ゆっくり飲み込んだら　涙テイスト　　上手く言えないけど　今まで生きて来て　一番楽しかった日々　次の未来でも　しあわせな出来事が　きっと待っているだろう　　(そうだ)　わかってるのに　なぜか歩き出せない　(今日は)　いい天気だから　余計に切なくなるんだ　　全部、食べてしまおう　悲しみの理由(リーズン)　口の中　広がる　桜の香りたち　全部、食べてしまおう　大切な記憶も…　味なんかしないのに　しょっぱく感じた　やがて散ってしまったら　遠い青春　　いつか　きっと　ここの前で　今日のこと　思い出して　(うるうると)　泣きたくなるね　　桜、みんなで食べた　満開の花びら　春風に吹かれた　一枚キャッチして…　全部、食べてしまおう　悲しみの理由(リーズン)　口の中　広がる　桜の香りたち　全部、食べてしまおう　大切な記憶も…　誰にも言わないよ　私たちの秘密　ゆっくり飲み込んで　やがて散ってしまったら　遠い青春　　涙テイスト,"長い時間かけて
仲良くなれたのに
もう別れの季節が来た
わかり合うまでに
クラスの誰かと
何度ケンカしただろう?

(同じ)
紺の制服
帰り道に集まって
(ここで)
いつもの木の下
黙って青空を見ていた

桜、みんなで食べた
満開の花びら
春風に吹かれた
一枚キャッチして…
桜、みんなで食べた
掌の花びら
サヨナラつぶやいて
思い出と一緒に
ゆっくり飲み込んだら
涙テイスト

上手く言えないけど
今まで生きて来て
一番楽しかった日々
次の未来でも
しあわせな出来事が
きっと待っているだろう

(そうだ)
わかってるのに
なぜか歩き出せない
(今日は)
いい天気だから
余計に切なくなるんだ

全部、食べてしまおう
悲しみの理由(リーズン)
口の中　広がる
桜の香りたち
全部、食べてしまおう
大切な記憶も…
味なんかしないのに
しょっぱく感じた
やがて散ってしまったら
遠い青春

いつか　きっと
ここの前で
今日のこと
思い出して
(うるうると)
泣きたくなるね

桜、みんなで食べた
満開の花びら
春風に吹かれた
一枚キャッチして…
全部、食べてしまおう
悲しみの理由(リーズン)
口の中　広がる
桜の香りたち
全部、食べてしまおう
大切な記憶も…
誰にも言わないよ
私たちの秘密
ゆっくり飲み込んで
やがて散ってしまったら
遠い青春

涙テイスト",https://www.uta-net.com/song/160678/
284583,3-2,秋元康,杉山勝彦,杉山勝彦・谷地学,どこにでもあるようなことさ　親友の彼女　好きになった　苦しくたって　誰にも言えない　恋は　独り言　　いつも3人で会うことが辛い　君とあいつと　なぜか僕と　Ah　冗談(言って)笑い(合って)　想い　誤魔化す　　3-2(さんひくに)なら　孤独が残る　寂しいだけの関係　君のせいでも　あいつのせいでも　誰のせいでもない　アンサー　　知り合うのが少しだけ遅かっただけだ　2-2(にひくに)には　絶対になれない　　近すぎて遠すぎる君さ　親友のことは裏切れない　一緒にいると切なくなるんだ　愛は　正直だ　　そしてさよならと帰るのは1人　君とあいつは　いつも残って　Ah　胸の(痛み)気づいて(いない)　だから上手く行く　　3÷2(さんわるに)では　僕だけ余る　わかっているよ　ずっと　先に告った　あいつの方が　勇気があったんだ　あの日　　時々　考えてしまうんだ　好きなんだと言ったら　どうなっちゃうのかな　あいつは切れてしまうだろう　君が困るだけさ　そんなつもりじゃないのに　そして友情は崩壊して　終わりだ　Ah　　3-2(さんひくに)なら　孤独が残る　寂しいだけの関係　君のせいでも　あいつのせいでも　誰のせいでもない　アンサー　　3÷2(さんわるに)では　僕だけ余る　わかっているよ　ずっと　先に告った　あいつの方が　勇気があったんだ　あの日　　計算じゃ合わないよ　僕たちの運命　3-1(さんひくいち)なら　割り切れるだろう,"どこにでもあるようなことさ
親友の彼女　好きになった
苦しくたって　誰にも言えない
恋は　独り言

いつも3人で会うことが辛い
君とあいつと　なぜか僕と　Ah
冗談(言って)笑い(合って)
想い　誤魔化す

3-2(さんひくに)なら　孤独が残る
寂しいだけの関係
君のせいでも　あいつのせいでも
誰のせいでもない　アンサー

知り合うのが少しだけ遅かっただけだ
2-2(にひくに)には　絶対になれない

近すぎて遠すぎる君さ
親友のことは裏切れない
一緒にいると切なくなるんだ
愛は　正直だ

そしてさよならと帰るのは1人
君とあいつは　いつも残って　Ah
胸の(痛み)気づいて(いない)
だから上手く行く

3÷2(さんわるに)では　僕だけ余る
わかっているよ　ずっと
先に告った　あいつの方が
勇気があったんだ　あの日

時々　考えてしまうんだ
好きなんだと言ったら
どうなっちゃうのかな
あいつは切れてしまうだろう
君が困るだけさ
そんなつもりじゃないのに
そして友情は崩壊して
終わりだ　Ah

3-2(さんひくに)なら　孤独が残る
寂しいだけの関係
君のせいでも　あいつのせいでも
誰のせいでもない　アンサー

3÷2(さんわるに)では　僕だけ余る
わかっているよ　ずっと
先に告った　あいつの方が
勇気があったんだ　あの日

計算じゃ合わないよ　僕たちの運命
3-1(さんひくいち)なら　割り切れるだろう",https://www.uta-net.com/song/284583/
376943,塩味のキス,秋元康,板垣祐介,板垣祐介,つかず離れず　歳を重ね　気づけば　二人　二十歳(はたち)を過ぎた　ずっと秘密だった　この渚　何度　来た？　　ただの友達　そう思ってた　幼馴染のままでいるのかな　互いのハートが絡まって　急接近　　服を着たまま(泳ごうなんて)　大きな声で(叫んでるから)　無視していたら　大胆なI love you！　　夏のキスは　塩味がする　青い海の雫　水しぶき上げて　波打ち際を　走って来た　　子供みたいな　あなたのせいよ　ふいに抱きしめられて　好きだよなんて　囁(ささや)かれたら　情熱の　Summer kiss　　気になる誰か　できたのなら　私が先に冗談にして　何もなかったってことにする　大人でしょ？　　そう恋なんて　季節と同じ　どんな燃え上がっても　過ぎるもの　グッバイ　その儚(はかな)さがいい　強がりね　　びしょびしょのまま(どうするつもり？)　電車に乗って(帰れないから)　二人でずっと　どこまでも歩いたよ　　キスの後は苦く感じた　あれは何だったの？　ポタポタ涙が　頬を流れて　どういう意味？　　舞い上がった私のせい　やっと気づいた気がする　あなたをずっと　好きだったこと　純情な　Forever kiss　　ちょっと待って　ねえもう一度　ちょっと待って　夢を見させて　一瞬(だけの)　愛の(接触)　絶対　一生忘れられない　　夏のキスは　塩味がする　青い海の雫　水しぶき上げて　波打ち際を　走って来た　　子供みたいな　あなたのせいよ　ふいに抱きしめられて　好きだよなんて　囁(ささや)かれたら　情熱の　Summer kiss,"つかず離れず　歳を重ね
気づけば　二人　二十歳(はたち)を過ぎた
ずっと秘密だった　この渚
何度　来た？

ただの友達　そう思ってた
幼馴染のままでいるのかな
互いのハートが絡まって
急接近

服を着たまま(泳ごうなんて)
大きな声で(叫んでるから)
無視していたら
大胆なI love you！

夏のキスは　塩味がする
青い海の雫
水しぶき上げて　波打ち際を
走って来た

子供みたいな　あなたのせいよ
ふいに抱きしめられて
好きだよなんて　囁(ささや)かれたら
情熱の　Summer kiss

気になる誰か　できたのなら
私が先に冗談にして
何もなかったってことにする
大人でしょ？

そう恋なんて　季節と同じ
どんな燃え上がっても　過ぎるもの
グッバイ　その儚(はかな)さがいい
強がりね

びしょびしょのまま(どうするつもり？)
電車に乗って(帰れないから)
二人でずっと
どこまでも歩いたよ

キスの後は苦く感じた
あれは何だったの？
ポタポタ涙が　頬を流れて
どういう意味？

舞い上がった私のせい
やっと気づいた気がする
あなたをずっと　好きだったこと
純情な　Forever kiss

ちょっと待って　ねえもう一度
ちょっと待って　夢を見させて
一瞬(だけの)
愛の(接触)
絶対　一生忘れられない

夏のキスは　塩味がする
青い海の雫
水しぶき上げて　波打ち際を
走って来た

子供みたいな　あなたのせいよ
ふいに抱きしめられて
好きだよなんて　囁(ささや)かれたら
情熱の　Summer kiss",https://www.uta-net.com/song/376943/
301837,シンデレラなんていない,秋元康,庄司裕,庄司裕,それまでは全てが楽しい時間だった(あっという間で)　偶然のこの出会いが稲妻のように(刺さったんだ)　どこの誰か知らないのに　心惹かれてく　これは運命だと　なぜだか思い込んでいた　　駅の階段駆け上がり　君はパンプスが一瞬　脱げそうになったね　　シンデレラなんてどこにも　存在しないと思う　それはロマンティストの勝手な妄想だろう　午前0時の時計の針に　急に慌てたように帰ったのは　色々とあるんだってことか　　一目見て　僕だけ虜になってしまった(恋をしたんだ)　この人を追いかけなきゃ後悔するだろう(奇跡的に)　少しでも話したいと　勇気振り絞り　「お茶飲みませんか？」と声を掛けてカフェで話し込んだ　　でも連絡先　聞けなくて…　もう一度君に　会ってみたいけどお手上げ　　シンデレラかもしれないって　その時ふと思ったんだ　僕が君のパンプス　片手に探すんだろう　午前0時にかぼちゃの馬車が　君を迎えに来るような気がした　美しいプリンセスどこへ行く？　　シンデレラなんてどこにも　存在しないと思う　それはロマンティストの勝手な妄想だろう　午前0時の時計の針に　急に慌てたように帰ったのは　色々とあるんだってことか　　彼の家に行ったと　僕は知ってしまった,"それまでは全てが楽しい時間だった(あっという間で)
偶然のこの出会いが稲妻のように(刺さったんだ)
どこの誰か知らないのに　心惹かれてく
これは運命だと　なぜだか思い込んでいた

駅の階段駆け上がり
君はパンプスが一瞬　脱げそうになったね

シンデレラなんてどこにも　存在しないと思う
それはロマンティストの勝手な妄想だろう
午前0時の時計の針に　急に慌てたように帰ったのは
色々とあるんだってことか

一目見て　僕だけ虜になってしまった(恋をしたんだ)
この人を追いかけなきゃ後悔するだろう(奇跡的に)
少しでも話したいと　勇気振り絞り
「お茶飲みませんか？」と声を掛けてカフェで話し込んだ

でも連絡先　聞けなくて…
もう一度君に　会ってみたいけどお手上げ

シンデレラかもしれないって　その時ふと思ったんだ
僕が君のパンプス　片手に探すんだろう
午前0時にかぼちゃの馬車が　君を迎えに来るような気がした
美しいプリンセスどこへ行く？

シンデレラなんてどこにも　存在しないと思う
それはロマンティストの勝手な妄想だろう
午前0時の時計の針に　急に慌てたように帰ったのは
色々とあるんだってことか

彼の家に行ったと
僕は知ってしまった",https://www.uta-net.com/song/301837/
184455,12秒,秋元康,Linia,野中“まさ”雄一,世界中で一番キレイな　宝石をあげる　だからちょっと目を閉じてなんて　いたずらっぽく言われた　　テトラポッドに寄せて返す波音　君が近づいた気配がする　夏の恋が　今始まる　　唇に触れたのは　柔らかなダイヤモンド　今まで君が守っていたもの　どうすればいいのだろう　僕はただ腕の中に　君を受け止めるだけだ　動けないよ　12秒　　そろそろかな　薄目開けてみた　君と目が合った　平均的　キスの時間って　どれくらいなんだろう？　　ロマンティックすぎて　この先がわからない　どういう顔して何を話す？　友達には　戻れない　　唇を離したら　すぐ消えるダイヤモンド　今日から僕が大切にしよう　できるならこのままで　潮風に吹かれながら　君を独り占めしたい　永遠より　12秒　　唇に触れたのは　柔らかなダイヤモンド　今まで君が守っていたもの　僕たちが手に入れた　この愛は輝いてる　まるで記憶の宝石　眩しすぎる　　12秒,"世界中で一番キレイな
宝石をあげる
だからちょっと目を閉じてなんて
いたずらっぽく言われた

テトラポッドに寄せて返す波音
君が近づいた気配がする
夏の恋が
今始まる

唇に触れたのは
柔らかなダイヤモンド
今まで君が守っていたもの
どうすればいいのだろう
僕はただ腕の中に
君を受け止めるだけだ
動けないよ
12秒

そろそろかな　薄目開けてみた
君と目が合った
平均的　キスの時間って
どれくらいなんだろう？

ロマンティックすぎて
この先がわからない
どういう顔して何を話す？
友達には
戻れない

唇を離したら
すぐ消えるダイヤモンド
今日から僕が大切にしよう
できるならこのままで
潮風に吹かれながら
君を独り占めしたい
永遠より
12秒

唇に触れたのは
柔らかなダイヤモンド
今まで君が守っていたもの
僕たちが手に入れた
この愛は輝いてる
まるで記憶の宝石
眩しすぎる

12秒",https://www.uta-net.com/song/184455/
320609,充分、しあわせ,秋元康,太志,長谷川大介,ダメだって言われたら　あっさり断わられたら　僕はきっと　すべてを失って　立ち直れないよ　　空と海にははっきり　境界の線があるから　鳥も魚も迷わずに　自分の場所にいる　　君との関係　近づきたいけど　　ダメだって言われても　あっさり断わられても　僕はきっと　平気なふりをする　恐る恐る手を伸ばして　君のその手と繋いで　僕の切ない思いを伝えられたら　もうそれだけで何もいらないよ　充分　しあわせ　　この世界には　いつでも　あやふやなことがあるけど　そのままにしていた方が　いいのかもしれない　　そんな簡単に　諦めきれない　　いいよって言われたら　YESのサイン出されたら　僕のハートは爆発するだろう　そんな風に伸ばした手を　君が握り返して　それが恋の答えかもって思ったら　どんな言葉よりも嬉しいよ　最高のしあわせ　　好きになりすぎて　勇気が出せない　　ダメだって言われても　あっさり断わられても　僕はきっと　平気なふりをする　恐る恐る手を伸ばして　君のその手と繋いで　僕の切ない思いを伝えられたら　もうそれだけで何もいらないよ　充分　しあわせ,"ダメだって言われたら
あっさり断わられたら
僕はきっと　すべてを失って
立ち直れないよ

空と海にははっきり
境界の線があるから
鳥も魚も迷わずに
自分の場所にいる

君との関係
近づきたいけど

ダメだって言われても
あっさり断わられても
僕はきっと　平気なふりをする
恐る恐る手を伸ばして
君のその手と繋いで
僕の切ない思いを伝えられたら
もうそれだけで何もいらないよ
充分　しあわせ

この世界には　いつでも
あやふやなことがあるけど
そのままにしていた方が
いいのかもしれない

そんな簡単に
諦めきれない

いいよって言われたら
YESのサイン出されたら
僕のハートは爆発するだろう
そんな風に伸ばした手を
君が握り返して
それが恋の答えかもって思ったら
どんな言葉よりも嬉しいよ
最高のしあわせ

好きになりすぎて
勇気が出せない

ダメだって言われても
あっさり断わられても
僕はきっと　平気なふりをする
恐る恐る手を伸ばして
君のその手と繋いで
僕の切ない思いを伝えられたら
もうそれだけで何もいらないよ
充分　しあわせ",https://www.uta-net.com/song/320609/
143893,スキ！スキ！スキップ！,秋元康,小林祐二,武藤星児,1! 2! 3! 4!　　好きにならなきゃ　好きにならなきゃ　何も始まらない　　ラララララ…　　月曜日の朝がやって来て　時計の針　待ちきれず　家を出た　　満員電車で　誰かに押されながら　足を踏まれても　笑って許せる　　人はみんな　恋をすると(ふわり)　ハートまで軽くなって(魔法)　雲の上　歩き出す　夢の世界へ　　スキップしたくなる　両手を振って…　君のこと想うだけで　なんか無重力　どこでも行けそうな気がする　生きることって素晴らしい　今日も行こうぜ　スキ!スキ!スキップ!　　もし君が他の男の子と　楽しげに話してても　しょうがない　　ジェラシー感じるより　そっと見て見ぬふり　君が君らしく　しあわせそうなら　　街角の　どこを見ても(眩しい)　キラキラと輝いて(ダイヤ)　そう愛が溢れてる　青空の下　　スキップしたくなる　それからジャンプ(ジャンプ)　そう僕の気持ちだけが　どんどん昇って行く　天まで届くようなテンション(テンション)　片想いは傷つかない　明日も行くぜ!　スキ!スキ!スキップ!　　君に会わなきゃ　君に会わなきゃ　こんなワクワクした　今日にならない　君を好きになって　僕は変わった　思い出し笑い　　AH-　スキップしたくなる　両手を振って…　君のこと想うだけで　胸がときめく　ちゃんと体で感じてるロマンス　生きることって素晴らしい　　スキップしたくなる　それからジャンプ(ジャンプ)　そう僕の気持ち以上　宇宙まで飛んでけ!　スキップしたくなるビートよ(ビート)　僕たちは生きてるんだ　明日も行くぜ!　スキ!スキ!スキップ,"1! 2! 3! 4!

好きにならなきゃ
好きにならなきゃ
何も始まらない

ラララララ…

月曜日の朝がやって来て
時計の針　待ちきれず
家を出た

満員電車で
誰かに押されながら
足を踏まれても
笑って許せる

人はみんな
恋をすると(ふわり)
ハートまで軽くなって(魔法)
雲の上　歩き出す
夢の世界へ

スキップしたくなる
両手を振って…
君のこと想うだけで
なんか無重力
どこでも行けそうな気がする
生きることって素晴らしい
今日も行こうぜ
スキ!スキ!スキップ!

もし君が他の男の子と
楽しげに話してても
しょうがない

ジェラシー感じるより
そっと見て見ぬふり
君が君らしく
しあわせそうなら

街角の
どこを見ても(眩しい)
キラキラと輝いて(ダイヤ)
そう愛が溢れてる
青空の下

スキップしたくなる
それからジャンプ(ジャンプ)
そう僕の気持ちだけが
どんどん昇って行く
天まで届くようなテンション(テンション)
片想いは傷つかない
明日も行くぜ!
スキ!スキ!スキップ!

君に会わなきゃ
君に会わなきゃ
こんなワクワクした
今日にならない
君を好きになって
僕は変わった
思い出し笑い

AH-
スキップしたくなる
両手を振って…
君のこと想うだけで
胸がときめく
ちゃんと体で感じてるロマンス
生きることって素晴らしい

スキップしたくなる
それからジャンプ(ジャンプ)
そう僕の気持ち以上
宇宙まで飛んでけ!
スキップしたくなるビートよ(ビート)
僕たちは生きてるんだ
明日も行くぜ!
スキ!スキ!スキップ",https://www.uta-net.com/song/143893/
284579,青春の出口,秋元康,山田健斗,,青春の出口　さあ走り抜けろ！　そういつまでも　甘えてたってしょうがないだろう　青春は終わり　言い訳はやめろ！　トンネルの先　広がる君の人生　　誰だって　いつの日にか　卒業するんだ　　大人には　なりたくないって　抵抗しようと…　　木洩れ陽のその下で　空を見上げても　広さは　わからない　　青春の出口　新しい世界　今の場所から　飛び出すことが一番大事なんだ　青春がずっと　続くわけないよ　風の冷たいこの道歩いて行こう　　闇雲(やみくも)に　突っ走るだけじゃ　意味なんかない　　いっぱい汗をかくことが　大切なんて　青臭い若さの　勘違い　　今日までの出口　思い出は捨てろ！　過去の自分よ　生まれて変わってまた始めてみよう　人生はある日　行き止まりになる　未来へ続く扉をすぐに開けるんだ　　青春の出口　新しい世界　今の場所から　飛び出すことが一番大事なんだ　青春がずっと　続くわけないよ　風の冷たいこの道歩いて行こう,"青春の出口
さあ走り抜けろ！
そういつまでも
甘えてたってしょうがないだろう
青春は終わり
言い訳はやめろ！
トンネルの先　広がる君の人生

誰だって
いつの日にか
卒業するんだ

大人には
なりたくないって
抵抗しようと…

木洩れ陽のその下で
空を見上げても
広さは
わからない

青春の出口
新しい世界
今の場所から
飛び出すことが一番大事なんだ
青春がずっと
続くわけないよ
風の冷たいこの道歩いて行こう

闇雲(やみくも)に
突っ走るだけじゃ
意味なんかない

いっぱい汗をかくことが
大切なんて
青臭い若さの
勘違い

今日までの出口
思い出は捨てろ！
過去の自分よ
生まれて変わってまた始めてみよう
人生はある日
行き止まりになる
未来へ続く扉をすぐに開けるんだ

青春の出口
新しい世界
今の場所から
飛び出すことが一番大事なんだ
青春がずっと
続くわけないよ
風の冷たいこの道歩いて行こう",https://www.uta-net.com/song/284579/
143901,制服のバンビ,秋元康,若田部誠,野中“まさ”雄一,駅のホームで見かける先輩　いつも一人でクールな感じ　偶然装って話しかけたい　次の試合　頑張ってと…　　眼差しに吸い込まれるように　緊張しすぎちゃって　声が上(うわ)ずってしまう　　制服のバンビ　まだまだ幼い　自分じゃ立てないね　生まれたばかりの恋よ　制服のバンビ　あなたが笑った　私の名前とか覚えてくれたらOK　少しずつ　大人になりたい　明日から待ち伏せしよう　　電車の中じゃ2メートル離れて　窓の景色を眺めているの　空(す)いているから揺れるつり革　胸の奥も手持ち無沙汰よ　　「私のこと　どう思ってますか?」　勇気出して聞いたら　「好きだよ」って幻聴かな　　初恋の仔鹿　危なっかしいね　上手に話せない　初心者マークの恋　初恋の仔鹿　心配そうだわ　あなたはさりげなく横目で見守ってる　後輩を育てるつもりで　明日から一緒に帰ろう　　制服のバンビ　まだまだ幼い　自分じゃ立てないね　生まれたばかりの恋よ　制服のバンビ　あなたが笑った　私の名前とか覚えてくれたらOK　少しずつ　大人になりたい　明日から待ち伏せしよう,"駅のホームで見かける先輩
いつも一人でクールな感じ
偶然装って話しかけたい
次の試合　頑張ってと…

眼差しに吸い込まれるように
緊張しすぎちゃって
声が上(うわ)ずってしまう

制服のバンビ
まだまだ幼い
自分じゃ立てないね
生まれたばかりの恋よ
制服のバンビ
あなたが笑った
私の名前とか覚えてくれたらOK
少しずつ　大人になりたい
明日から待ち伏せしよう

電車の中じゃ2メートル離れて
窓の景色を眺めているの
空(す)いているから揺れるつり革
胸の奥も手持ち無沙汰よ

「私のこと　どう思ってますか?」
勇気出して聞いたら
「好きだよ」って幻聴かな

初恋の仔鹿
危なっかしいね
上手に話せない
初心者マークの恋
初恋の仔鹿
心配そうだわ
あなたはさりげなく横目で見守ってる
後輩を育てるつもりで
明日から一緒に帰ろう

制服のバンビ
まだまだ幼い
自分じゃ立てないね
生まれたばかりの恋よ
制服のバンビ
あなたが笑った
私の名前とか覚えてくれたらOK
少しずつ　大人になりたい
明日から待ち伏せしよう",https://www.uta-net.com/song/143901/
311458,全然 変わらない,秋元康,浦島健太・山口裕也,吉村隆行,初めて会った日と　同じワンピース　羽織ってるストールも一緒だって　もちろん気づいてた　　これが最後と　わかっているから　何もなかったように　この場所で　振り出しに戻ろうと…　　心に残ってる　この思い出はどうすればいい？　今日まで歩いて来た　足跡はきっと消えないよ　永遠に…　　全然　変わらない　僕たちは別れたって　ずっと　どこかでお互いのことを　想ってるよ　ああ　全然　変わらない　嫌いになれたなら　楽だったのに…　月日が流れようと　この世界で一番　愛した人のことは　Wow　忘れない　　腕にもう一度　強く抱きしめて　僕が愛した人の体温を　感じてみたかった　　現実にいたんだ　夢なんかではなかったってこと　確かめようとして　僕はまだ過去も現在も　動けない　　君が変わってよ　馬鹿馬鹿しい夢見てただけと　そう目を覚まして欲しいんだ　去って行って　ああ　君が変わってよ　僕には無理だから　ずっとこのまま　何度も思い出して　そう未来で一番　愛する人も同じ…　Wow　変われない　　愛してる　愛してる　何億回　言っても　僕は気が済まないだろう　会いたいよ　会いたいよ　どこか違う空の下で　性懲りもなく叫び続けよう　　全然　変わらない　僕たちは別れたって　ずっと　どこかでお互いのことを　想ってるよ　ああ　全然　変わらない　嫌いになれたなら　楽だったのに…　月日が流れようと　この世界で一番　愛した人のことは　Wow　忘れない,"初めて会った日と
同じワンピース
羽織ってるストールも一緒だって
もちろん気づいてた

これが最後と
わかっているから
何もなかったように　この場所で
振り出しに戻ろうと…

心に残ってる
この思い出はどうすればいい？
今日まで歩いて来た
足跡はきっと消えないよ
永遠に…

全然　変わらない
僕たちは別れたって　ずっと
どこかでお互いのことを
想ってるよ　ああ
全然　変わらない
嫌いになれたなら
楽だったのに…
月日が流れようと
この世界で一番　愛した人のことは
Wow　忘れない

腕にもう一度
強く抱きしめて
僕が愛した人の体温を
感じてみたかった

現実にいたんだ
夢なんかではなかったってこと
確かめようとして
僕はまだ過去も現在も
動けない

君が変わってよ
馬鹿馬鹿しい夢見てただけと
そう目を覚まして欲しいんだ
去って行って　ああ
君が変わってよ
僕には無理だから
ずっとこのまま
何度も思い出して
そう未来で一番　愛する人も同じ…
Wow　変われない

愛してる　愛してる
何億回　言っても
僕は気が済まないだろう
会いたいよ　会いたいよ
どこか違う空の下で
性懲りもなく叫び続けよう

全然　変わらない
僕たちは別れたって　ずっと
どこかでお互いのことを
想ってるよ　ああ
全然　変わらない
嫌いになれたなら
楽だったのに…
月日が流れようと
この世界で一番　愛した人のことは
Wow　忘れない",https://www.uta-net.com/song/311458/
151533,そこで何を考えるか？,秋元康,酒井康男,清水哲平,一番　先頭を　走ってるつもりだった　前に誰の姿もなかった　ある時　コーチから　「君は1位じゃない」と…　道の先　指差しながら言われた　　マラソン得意だし　足も速いと信じて　今日まで努力もした　優勝するのは私と思った　　悔しい　次のチャンスはまたあるよね　これで決まるわけじゃないし　いつもより練習すればいい　目標はそうモチベーション　涙拭(ぬぐ)ってもう一度　新人の頃を思い出そう　汗を流したその分だけ　どんな願いだって叶うんだ　　今まで自分のこと　エースだと思ってた　みんな認めてくれてたよね?　初めて後輩に　私のポジションを　取って代わられたのがショックだった　　夢叶えるために　すべてを捨てて来た　誰よりがむしゃらに　自分の未来へ突き進んでたのに…　　苦しい　次のチャンスがまた来るまで　愚痴は今日で封印しよう　フラットな意見として　後輩の評価をしよう　センターゼロに立っていた　あの日の私は輝いていた　そして同じように緊張してる　君の可能性を磨いてみようか?　　ここで順位落ちたって　ここでポジション外れたって　自分が強くなればいい　挫折は通り道だ　そう　ネクストタイム　　次のチャンスはまたあるよね　これで決まるわけじゃないし　いつもより練習すればいい　目標はそうモチベーション　涙拭(ぬぐ)ってもう一度　新人の頃を思い出そう　汗を流したその分だけ　どんな願いだって叶うんだ,"一番　先頭を
走ってるつもりだった
前に誰の姿もなかった
ある時　コーチから
「君は1位じゃない」と…
道の先　指差しながら言われた

マラソン得意だし
足も速いと信じて
今日まで努力もした
優勝するのは私と思った

悔しい
次のチャンスはまたあるよね
これで決まるわけじゃないし
いつもより練習すればいい
目標はそうモチベーション
涙拭(ぬぐ)ってもう一度
新人の頃を思い出そう
汗を流したその分だけ
どんな願いだって叶うんだ

今まで自分のこと
エースだと思ってた
みんな認めてくれてたよね?
初めて後輩に
私のポジションを
取って代わられたのがショックだった

夢叶えるために
すべてを捨てて来た
誰よりがむしゃらに
自分の未来へ突き進んでたのに…

苦しい
次のチャンスがまた来るまで
愚痴は今日で封印しよう
フラットな意見として
後輩の評価をしよう
センターゼロに立っていた
あの日の私は輝いていた
そして同じように緊張してる
君の可能性を磨いてみようか?

ここで順位落ちたって
ここでポジション外れたって
自分が強くなればいい
挫折は通り道だ
そう　ネクストタイム

次のチャンスはまたあるよね
これで決まるわけじゃないし
いつもより練習すればいい
目標はそうモチベーション
涙拭(ぬぐ)ってもう一度
新人の頃を思い出そう
汗を流したその分だけ
どんな願いだって叶うんだ",https://www.uta-net.com/song/151533/
198146,黄昏のタンデム,秋元康,外山大輔,外山大輔,アクセルを全開にして　ぶっ飛ばそうルート３　大人たちの説得なんか　速度制限の標識みたいなもの　　愛を信じることが　愚かなことだと殴られても　俺たちはもう止められないぜ　目指したこの先の未来が　行き止まりであったとしても　今の２人に失うものはない　　黄昏のタンデム　しっかりと掴まれ！　沈む空　一気に走り抜けよう　美しい風景　一瞬の輝き　生きてる実感を目に焼き付けて逃げよう　　ブレーキを掛けられなくて　華奢な腕がしがみついた　許してくれ　不安にさせて　ライト点ければ　夜が味方になる　　明日(あす)を夢見ることが　こんなに難しいことなんて　昨日までそう思わなかった　何とかなるわよと呟く　背中越しのおまえの声　冷たい風にかき消されそうさ　　青春のタンデム　もし何があっても　命懸け　おまえを守り続けよう　真っ暗な涯(はて)には　限りない時間と　俺たちの自由が待っているだろう　どこかで　　黄昏のタンデム　しっかりと掴まれ！　沈む空　一気に走り抜けよう　美しい風景　一瞬の輝き　生きてる実感を目に焼き付けて逃げよう,"アクセルを全開にして
ぶっ飛ばそうルート３
大人たちの説得なんか
速度制限の標識みたいなもの

愛を信じることが
愚かなことだと殴られても
俺たちはもう止められないぜ
目指したこの先の未来が
行き止まりであったとしても
今の２人に失うものはない

黄昏のタンデム
しっかりと掴まれ！
沈む空　一気に走り抜けよう
美しい風景
一瞬の輝き
生きてる実感を目に焼き付けて逃げよう

ブレーキを掛けられなくて
華奢な腕がしがみついた
許してくれ　不安にさせて
ライト点ければ　夜が味方になる

明日(あす)を夢見ることが
こんなに難しいことなんて
昨日までそう思わなかった
何とかなるわよと呟く
背中越しのおまえの声
冷たい風にかき消されそうさ

青春のタンデム
もし何があっても
命懸け　おまえを守り続けよう
真っ暗な涯(はて)には
限りない時間と
俺たちの自由が待っているだろう　どこかで

黄昏のタンデム
しっかりと掴まれ！
沈む空　一気に走り抜けよう
美しい風景
一瞬の輝き
生きてる実感を目に焼き付けて逃げよう",https://www.uta-net.com/song/198146/
266239,誰より手を振ろう,秋元康,藤本貴則,若田部誠,家の近くで随分待っていたんだ　君の引越しのトラック　もうすぐ来る頃だろう　　遠い街へ行くって聞かされたあの日に　引き止めることもできなくて　僕だけ黙った　　誰より手を振ろう　この気持ち　気づいて欲しいよ　全力　手を振ろう　寂しさを整理できずに　思いの丈(たけ)ぶつけたいんだ　君のことが見えなくなるまで　　幼馴染で一番仲よかった　君がいなくなっちゃったら　喧嘩相手は誰になる？　　なんか水臭いと思っていたけれど　サヨナラを言い出せなかった事情もわかるよ　　誰より手を振ろう　近すぎて見えなかった恋　笑顔で手を振ろう　思い出に負けないくらい未来は輝いてるよ　君のことをずっと忘れない　　枝から葉っぱが離れ　ひらひら舞い散るように　掌(てのひら)は　誰かへの愛を語る　　誰より手を振ろう　この気持ち　気づいて欲しいよ　全力　手を振ろう　寂しさを整理できずに　思いの丈(たけ)ぶつけたいんだ　君のことが見えなくなるまで　　誰より手を振ろう　近すぎて見えなかった恋　笑顔で手を振ろう　思い出に負けないくらい未来は輝いてるよ　君のことをずっと忘れない,"家の近くで随分待っていたんだ
君の引越しのトラック　もうすぐ来る頃だろう

遠い街へ行くって聞かされたあの日に
引き止めることもできなくて　僕だけ黙った

誰より手を振ろう　この気持ち　気づいて欲しいよ
全力　手を振ろう
寂しさを整理できずに　思いの丈(たけ)ぶつけたいんだ
君のことが見えなくなるまで

幼馴染で一番仲よかった
君がいなくなっちゃったら　喧嘩相手は誰になる？

なんか水臭いと思っていたけれど
サヨナラを言い出せなかった事情もわかるよ

誰より手を振ろう　近すぎて見えなかった恋
笑顔で手を振ろう
思い出に負けないくらい未来は輝いてるよ
君のことをずっと忘れない

枝から葉っぱが離れ
ひらひら舞い散るように
掌(てのひら)は
誰かへの愛を語る

誰より手を振ろう　この気持ち　気づいて欲しいよ
全力　手を振ろう
寂しさを整理できずに　思いの丈(たけ)ぶつけたいんだ
君のことが見えなくなるまで

誰より手を振ろう　近すぎて見えなかった恋
笑顔で手を振ろう
思い出に負けないくらい未来は輝いてるよ
君のことをずっと忘れない",https://www.uta-net.com/song/266239/
206314,Chain of love,秋元康,後藤康二(ck510),生田真心,ねえ　誰かのために　何かしてますか？　陽の当たらない場所で　支えてますか？　　強い風吹けば　そっと盾になり　雨が降れば　心の庇(ひさし)になる　　誰も気づかなくていい　こんな私にできること　一つでも…　　愛したい　大事な人　そっと手差し伸べ　その隣で　寄り添うように…　知らぬ間に　今　私も　きっと誰かに　支えられてる　やさしさとは　Chain of love　　ねえ　生きてる意味を　考えてますか？　自分が自分である　命の証(あか)し　　人は誰も皆　太陽を受けて　そこにいる　確かな影ができる　　役に立ちたいだけよ　見返りなんか関係ない　無償の愛　　守りたい　仲間たちを…　当たり前のように　その悲しみ　包み込んで…　つらい時　ほら　近くの　誰かが手と手を　繋いでくれる　やさしさとは　Chain of love　　一人きりじゃ　生きられない　凸凹の道ばかりだ　そう　夢とは　力合わせ　明日へと運ぶもの　　愛したい　大事な人　そっと手差し伸べ　その隣で　寄り添うように…　知らぬ間に　今　私も　きっと誰かに　支えられてる　やさしさとは　Chain of love　人生とは　Chain of love,"ねえ　誰かのために
何かしてますか？
陽の当たらない場所で
支えてますか？

強い風吹けば
そっと盾になり
雨が降れば
心の庇(ひさし)になる

誰も気づかなくていい
こんな私にできること
一つでも…

愛したい
大事な人
そっと手差し伸べ
その隣で
寄り添うように…
知らぬ間に
今　私も
きっと誰かに
支えられてる
やさしさとは　Chain of love

ねえ　生きてる意味を
考えてますか？
自分が自分である
命の証(あか)し

人は誰も皆
太陽を受けて
そこにいる
確かな影ができる

役に立ちたいだけよ
見返りなんか関係ない
無償の愛

守りたい
仲間たちを…
当たり前のように
その悲しみ
包み込んで…
つらい時
ほら　近くの
誰かが手と手を
繋いでくれる
やさしさとは　Chain of love

一人きりじゃ
生きられない
凸凹の道ばかりだ
そう　夢とは
力合わせ
明日へと運ぶもの

愛したい
大事な人
そっと手差し伸べ
その隣で
寄り添うように…
知らぬ間に
今　私も
きっと誰かに
支えられてる
やさしさとは　Chain of love
人生とは　Chain of love",https://www.uta-net.com/song/206314/
151529,天文部の事情,秋元康,章夫,若田部誠,糸が切れ　バラバラに　飛び散った　ビーズよ　不規則な　線　描く　運命とは　予測不能　　天文部を　選んだ理由は　いつの日にか　そう　話したくて　　君は宇宙の彼方で　僕よりも少しだけ　先に生まれた　遠く輝いた星の　その光　いつのもの?　答えられない　愛は何光年?　　望遠鏡　覗いてる　長い髪　束ねて…　星たちの　並び方　ロマンティックな　アルゴリズム　　真夜中過ぎ　校舎の屋上　募る想い　ああ　プラネタリウム　　君は地球のここから　今　何を探してるの?　僕は知りたい　2つ年上の君は　満天の星の中　たった一つの　夢に手を伸ばす　　天文部を　君が辞めるって　嘘なんだろ?　そう　風の噂　　君は宇宙の彼方で　僕よりも少しだけ　先に生まれた　遠く輝いた星の　その光　いつのもの?　答えられない　愛は何光年?,"糸が切れ
バラバラに
飛び散った
ビーズよ
不規則な
線　描く
運命とは
予測不能

天文部を
選んだ理由は
いつの日にか
そう　話したくて

君は宇宙の彼方で
僕よりも少しだけ
先に生まれた
遠く輝いた星の
その光　いつのもの?
答えられない
愛は何光年?

望遠鏡
覗いてる
長い髪
束ねて…
星たちの
並び方
ロマンティックな
アルゴリズム

真夜中過ぎ
校舎の屋上
募る想い
ああ　プラネタリウム

君は地球のここから
今　何を探してるの?
僕は知りたい
2つ年上の君は
満天の星の中
たった一つの
夢に手を伸ばす

天文部を
君が辞めるって
嘘なんだろ?
そう　風の噂

君は宇宙の彼方で
僕よりも少しだけ
先に生まれた
遠く輝いた星の
その光　いつのもの?
答えられない
愛は何光年?",https://www.uta-net.com/song/151529/
311462,突然 Do love me!,秋元康,ツキダタダシ,ツキダタダシ,じっと待ってるだけじゃダメよ　今　サイコロ投げないでどうする？　何にも始まらない　指くわえたまま見てるのか？　向こうから来ないなら　こっちから行って差し上げましょうか？　まわりの誰かに　何を言われたって　Don't worry　(Go for it！)　　片想いでいいなんて嘘でしょう　(Go ahead！ Go ahead！　彼氏の前に踏み出せ！)　女の子よ　好きと告白しよう　(Confession Confession)　　Hey！ Hey！ You！　Do love me！　突然　ごめんね　この想い　伝えさせて　Darling！　だって(だって)胸が(胸が)　張り裂けそうで…　Hard to say...　Do love me！　恋は衝動的　もう誰も止められない　My heart　YesでもNoでもいいの　愛してるわ　美しいロマンス　　もっとガツガツして行こう！　欲しいものは欲しいって言おう！　弱気じゃつまらない　残り物なんて福もない　いい人でいたいなら　その恋譲ってればいいだろう　ホントに好きなら　どんな手使っても　I'll get it！　(ASAP)　　カッコつけてたって　しょうがないよ　(Just Do it！ Just Do it！　とにかくやっちゃおうぜ！)　男の子よ　ちゃんと受け止めてやれ　(Gently！ Gently！)　　Hey！ Hey！ Guys！　You can do it！　何を躊躇(ためら)うの？　馬鹿じゃない？　青春は一瞬　こんな(こんな)チャンス(チャンス)　なかなか来ないよ　I think so...　You can do it！　絶対　大丈夫！　恋すれば　臆病者　Everybody！　後から思い出したら　真っ赤になる　恥ずかしい感情　　このビートに　さあ乗りましょう　恋なんて勢いよ　　Hey！ Hey！ You！　Do love me！　突然　ごめんね　この想い　伝えさせて　Darling！　だって(だって)胸が(胸が)　張り裂けそうで…　Hard to say...　Do love me！　恋は衝動的　もう誰も止められない　My heart　YesでもNoでもいいの　愛してるわ　美しいロマンス　　美しいリグレット,"じっと待ってるだけじゃダメよ
今　サイコロ投げないでどうする？
何にも始まらない
指くわえたまま見てるのか？
向こうから来ないなら
こっちから行って差し上げましょうか？
まわりの誰かに
何を言われたって　Don't worry
(Go for it！)

片想いでいいなんて嘘でしょう
(Go ahead！ Go ahead！　彼氏の前に踏み出せ！)
女の子よ　好きと告白しよう
(Confession Confession)

Hey！ Hey！ You！
Do love me！　突然　ごめんね
この想い　伝えさせて　Darling！
だって(だって)胸が(胸が)
張り裂けそうで…
Hard to say...
Do love me！　恋は衝動的
もう誰も止められない　My heart
YesでもNoでもいいの　愛してるわ
美しいロマンス

もっとガツガツして行こう！
欲しいものは欲しいって言おう！
弱気じゃつまらない
残り物なんて福もない
いい人でいたいなら
その恋譲ってればいいだろう
ホントに好きなら
どんな手使っても　I'll get it！
(ASAP)

カッコつけてたって　しょうがないよ
(Just Do it！ Just Do it！　とにかくやっちゃおうぜ！)
男の子よ　ちゃんと受け止めてやれ
(Gently！ Gently！)

Hey！ Hey！ Guys！
You can do it！　何を躊躇(ためら)うの？
馬鹿じゃない？　青春は一瞬
こんな(こんな)チャンス(チャンス)
なかなか来ないよ
I think so...
You can do it！　絶対　大丈夫！
恋すれば　臆病者　Everybody！
後から思い出したら　真っ赤になる
恥ずかしい感情

このビートに　さあ乗りましょう
恋なんて勢いよ

Hey！ Hey！ You！
Do love me！　突然　ごめんね
この想い　伝えさせて　Darling！
だって(だって)胸が(胸が)
張り裂けそうで…
Hard to say...
Do love me！　恋は衝動的
もう誰も止められない　My heart
YesでもNoでもいいの　愛してるわ
美しいロマンス

美しいリグレット",https://www.uta-net.com/song/311462/
226099,止まらない観覧車,秋元康,FURUTA & Dr. Lilcom,Dr.Lilcom,On the Ferris wheel　　あなたのことが嫌いと言って　ナイ！ナイ！ナイ！　むしろ大好きだからキスは　シナイ！シナイ！シナイ！　　空を回る夜のデートスポット　煌めく街灯り　こんなに狭い場所で　唇　近づけたから拒んだんだ　　観覧車は一回りで　恋の時間が　終わってしまう　せっかくのこの関係　永遠に続いて欲しい　ゆっくり　ゆっくり　進んで　二人に終わりが来ないように　大切にしたいだけ　願いは　止まらない観覧車　　私と長く付き合いたいなら　ダメ！ダメ！ダメ！　ねえ　いつの日にか熱いキスを　シタイ！シタイ！シタイ！　　手を伸ばせば届くミルキーウェイ　今　てっぺん辺り　そんなに動かないで　あなたがこっちに来ると揺れるでしょう　　観覧車は15分で　夢から覚めて　地上に降りる　今だけのときめきなら　儚(はかな)いロマンスでいい　このまま　このまま　信じて　二人の世界が始まるまで　もう少しお預けよ　愛とは　止まらない観覧車　　もしもすぐにキスを許しちゃったら　そう　どんなに好きだって　心も体もまた　何もなかった現実に戻るだけよ　　観覧車は一回りで　恋の時間が　終わってしまう　せっかくのこの関係　永遠に続いて欲しい　ゆっくり　ゆっくり　進んで　二人に終わりが来ないように　大切にしたいだけ　願いは　止まらない観覧車　　On the Ferris wheel　　On the Ferris wheel,"On the Ferris wheel

あなたのことが嫌いと言って　ナイ！ナイ！ナイ！
むしろ大好きだからキスは　シナイ！シナイ！シナイ！

空を回る夜のデートスポット
煌めく街灯り
こんなに狭い場所で
唇　近づけたから拒んだんだ

観覧車は一回りで
恋の時間が
終わってしまう
せっかくのこの関係
永遠に続いて欲しい
ゆっくり　ゆっくり　進んで
二人に終わりが来ないように
大切にしたいだけ
願いは
止まらない観覧車

私と長く付き合いたいなら　ダメ！ダメ！ダメ！
ねえ　いつの日にか熱いキスを　シタイ！シタイ！シタイ！

手を伸ばせば届くミルキーウェイ
今　てっぺん辺り
そんなに動かないで
あなたがこっちに来ると揺れるでしょう

観覧車は15分で
夢から覚めて
地上に降りる
今だけのときめきなら
儚(はかな)いロマンスでいい
このまま　このまま　信じて
二人の世界が始まるまで
もう少しお預けよ
愛とは
止まらない観覧車

もしもすぐにキスを許しちゃったら
そう　どんなに好きだって
心も体もまた
何もなかった現実に戻るだけよ

観覧車は一回りで
恋の時間が
終わってしまう
せっかくのこの関係
永遠に続いて欲しい
ゆっくり　ゆっくり　進んで
二人に終わりが来ないように
大切にしたいだけ
願いは
止まらない観覧車

On the Ferris wheel

On the Ferris wheel",https://www.uta-net.com/song/226099/
376941,夏のせいじゃない,秋元康,youth case,YouSee,図書室の窓際で　シェイドの羽根(はね)を下ろし　英語の長文に集中してた　君が僕の近くに座ったりするから　チラチラ気になってしまうんだ　　シャツの腕を捲(まく)りながら　ノートで煽いでた　絶対　違う　　夏のせいじゃない(汗が出るよ)　こんな暑いのは(なぜなんだろう？)　太陽はジリジリと　照りつけているけど…　　夏のせいじゃない(君のせいだ)　胸が高鳴るよ　冷房を効かせたって　この恋は　もう止まらない　　放課後の校庭は　野球部の声と　サッカー部の声が競い合う　　土に残る熱が全て　青春の水分を　蒸発させる　　誰のせいなのか(この暑さは)　夏の気圧配置(フェーン現象)　燃え上がってるものは　僕もわかってるんだ　　誰のせいなのか(言えないけど)　たぶん　君のこと　どうしても伝えられない　片想い　上昇中　　いつになれば今よりも　涼しくなるか？　天気予報　伝えてない　好きという気持ち　どうすればいい？　　僕のせいだよ　暑いのは　季節が変わったって　このままだろう　　夏のせいじゃない(汗が出るよ)　こんな暑いのは(なぜなんだろう？)　太陽はジリジリと　照りつけているけど…　　夏のせいじゃない(君のせいだ)　胸が高鳴るよ　冷房を効かせたって　この恋は　もう止まらない,"図書室の窓際で　シェイドの羽根(はね)を下ろし
英語の長文に集中してた
君が僕の近くに座ったりするから
チラチラ気になってしまうんだ

シャツの腕を捲(まく)りながら
ノートで煽いでた
絶対　違う

夏のせいじゃない(汗が出るよ)
こんな暑いのは(なぜなんだろう？)
太陽はジリジリと
照りつけているけど…

夏のせいじゃない(君のせいだ)
胸が高鳴るよ
冷房を効かせたって
この恋は　もう止まらない

放課後の校庭は　野球部の声と
サッカー部の声が競い合う

土に残る熱が全て
青春の水分を
蒸発させる

誰のせいなのか(この暑さは)
夏の気圧配置(フェーン現象)
燃え上がってるものは
僕もわかってるんだ

誰のせいなのか(言えないけど)
たぶん　君のこと
どうしても伝えられない
片想い　上昇中

いつになれば今よりも　涼しくなるか？
天気予報　伝えてない
好きという気持ち　どうすればいい？

僕のせいだよ　暑いのは
季節が変わったって　このままだろう

夏のせいじゃない(汗が出るよ)
こんな暑いのは(なぜなんだろう？)
太陽はジリジリと
照りつけているけど…

夏のせいじゃない(君のせいだ)
胸が高鳴るよ
冷房を効かせたって
この恋は　もう止まらない",https://www.uta-net.com/song/376941/
206315,74億分の1の君へ,秋元康,斉門,野中“まさ”雄一,生まれたあの日から　ずっと探して来た　運命の相手が　隣で微笑むよ　　いくつか恋をして　遠回りもしたけれど　最後の恋人に　やっと出会えた　　74億人から　たった一人だけ　君のことを　選んだんだ　　世界一のプロポーズ (プロポーズ)　心の底から I love you (I love you)　見つめ合ってプロポーズ (プロポーズ)　幸せにするよ I promise (I promise)　愛の (愛の)　言葉 (言葉) Will you marry me？　これからの人生　一緒に　歩こう　　いつの日かどこかで　きっと会えるだろう　ハートの足音を　今日まで待っていた　　友達で始まり　誰より大切な人と　お互いに気づいて　確かめ合えた　　こんなすぐ近くに　君がいたなんて　予想外の　奇跡だった　　世界一の Wedding (Wedding)　君を守りたい I need you (I need you)　夢のような Wedding (Wedding)　幸せになろう Forever (Forever)　愛を (愛を)　贈る (贈る) I wanna kiss you　僕たちの未来は　明るい太陽　　みんなが祝ってるよ　光の中　歌って踊って　We're so happy　　世界一のプロポーズ (プロポーズ)　心の底から I love you (I love you)　見つめ合ってプロポーズ (プロポーズ)　幸せにするよ I promise (I promise)　愛の (愛の)　言葉 (言葉) Will you marry me？　これからの人生　一緒に　歩こう,"生まれたあの日から
ずっと探して来た
運命の相手が
隣で微笑むよ

いくつか恋をして
遠回りもしたけれど
最後の恋人に
やっと出会えた

74億人から
たった一人だけ
君のことを
選んだんだ

世界一のプロポーズ (プロポーズ)
心の底から I love you (I love you)
見つめ合ってプロポーズ (プロポーズ)
幸せにするよ I promise (I promise)
愛の (愛の)
言葉 (言葉) Will you marry me？
これからの人生
一緒に　歩こう

いつの日かどこかで
きっと会えるだろう
ハートの足音を
今日まで待っていた

友達で始まり
誰より大切な人と
お互いに気づいて
確かめ合えた

こんなすぐ近くに
君がいたなんて
予想外の
奇跡だった

世界一の Wedding (Wedding)
君を守りたい I need you (I need you)
夢のような Wedding (Wedding)
幸せになろう Forever (Forever)
愛を (愛を)
贈る (贈る) I wanna kiss you
僕たちの未来は
明るい太陽

みんなが祝ってるよ
光の中
歌って踊って
We're so happy

世界一のプロポーズ (プロポーズ)
心の底から I love you (I love you)
見つめ合ってプロポーズ (プロポーズ)
幸せにするよ I promise (I promise)
愛の (愛の)
言葉 (言葉) Will you marry me？
これからの人生
一緒に　歩こう",https://www.uta-net.com/song/206315/
151530,波音のオルゴール,秋元康,福田貴訓,SHIKI,去年のサンダルを履いて　歩き出す砂浜　ちょっと転びそうになってしまったけれど　隣にあなたはいないの　　渚に溢れるカップル　甘い接吻(くちづけ)思い出す　　Listen　波音は恋のオルゴール　素敵な真夏のメロディー　壊れたハートを慰めてくれるよ　Listen　お気に入りのあの日の水着　今年はもう似合わないね　海にも入らないし陽焼けもしたくない　ワンピースのままでいい　　何枚も自撮りした写真　もう消してしまった　だってスマホ手にするその度ごとに　胸が切なくなるから　　あのコインシャワーで順番に　砂を流した海の家　　Lonely　波音は恋のオルゴール　水平線の彼方から　愛しさみたいに　こっそり　近づいて来る　Lonely　レモン味のこのかき氷　一人じゃ食べきれないでしょ?　わざわざここまで泣きに来たみたい　涙が止まらない　　2人だけの海岸　　たった一年なのに　何だか　しあわせが　遠く想う　　Listen　波音は恋のオルゴール　素敵な真夏のメロディー　壊れたハートを慰めてくれるよ　Listen　お気に入りのあの日の水着　今年はもう似合わないね　海にも入らないし陽焼けもしたくない　ワンピースのままでいい　　少し地味な　ワンピースでいい,"去年のサンダルを履いて
歩き出す砂浜
ちょっと転びそうになってしまったけれど
隣にあなたはいないの

渚に溢れるカップル
甘い接吻(くちづけ)思い出す

Listen
波音は恋のオルゴール
素敵な真夏のメロディー
壊れたハートを慰めてくれるよ
Listen
お気に入りのあの日の水着
今年はもう似合わないね
海にも入らないし陽焼けもしたくない
ワンピースのままでいい

何枚も自撮りした写真
もう消してしまった
だってスマホ手にするその度ごとに
胸が切なくなるから

あのコインシャワーで順番に
砂を流した海の家

Lonely
波音は恋のオルゴール
水平線の彼方から
愛しさみたいに　こっそり　近づいて来る
Lonely
レモン味のこのかき氷
一人じゃ食べきれないでしょ?
わざわざここまで泣きに来たみたい
涙が止まらない

2人だけの海岸

たった一年なのに
何だか
しあわせが
遠く想う

Listen
波音は恋のオルゴール
素敵な真夏のメロディー
壊れたハートを慰めてくれるよ
Listen
お気に入りのあの日の水着
今年はもう似合わないね
海にも入らないし陽焼けもしたくない
ワンピースのままでいい

少し地味な
ワンピースでいい",https://www.uta-net.com/song/151530/
242051,2018年の橋,秋元康,谷村庸平,佐々木裕,車は長い橋を渡り(渡り)　ここから日差しが変わるよ(変わって行く)　見下ろすこの海はただ青く(青く)　僕が育った島の影がもう近づく　生まれ育った島の影がもう近づく　　君と一緒に帰るってことを　伝えたら(みんな)昔の友達が　待ってるよって…　　どこまでも続くこの道　ずっとずっとまっすぐに　何年も帰らなかった　僕の気まずさ　あの頃は遠く感じた　夢と現実の距離感　今　僕の恋人が　故郷(ふるさと)　繋いでくれた　　日差しの先の出口降りて(降りて)　懐かしい景色が広がる(広がってく)　こんなに便利になった街は(街は)　飛び出した若い僕を覚えてくれてるか？　　片道だけのチケット握り　空っぽの(自分)トランク持ち込んで　船に乗った　　いつまでも変わらない道　これがこれが未来だよ　やるだけのことはやって　悔いはないんだ　あの頃は何を求めた？　絶対　ここにはないもの　僕たちの結婚を　故郷(ふるさと)で祝うために…　　どこまでも続くこの道　ずっとずっとまっすぐに　何年も帰らなかった　僕の気まずさ　あの頃は見つからなかった　この土地にしかないもの　今　やっと　気づいたよ　最後に帰るべき場所,"車は長い橋を渡り(渡り)
ここから日差しが変わるよ(変わって行く)
見下ろすこの海はただ青く(青く)
僕が育った島の影がもう近づく
生まれ育った島の影がもう近づく

君と一緒に帰るってことを
伝えたら(みんな)昔の友達が
待ってるよって…

どこまでも続くこの道
ずっとずっとまっすぐに
何年も帰らなかった
僕の気まずさ
あの頃は遠く感じた
夢と現実の距離感
今　僕の恋人が
故郷(ふるさと)　繋いでくれた

日差しの先の出口降りて(降りて)
懐かしい景色が広がる(広がってく)
こんなに便利になった街は(街は)
飛び出した若い僕を覚えてくれてるか？

片道だけのチケット握り
空っぽの(自分)トランク持ち込んで
船に乗った

いつまでも変わらない道
これがこれが未来だよ
やるだけのことはやって
悔いはないんだ
あの頃は何を求めた？
絶対　ここにはないもの
僕たちの結婚を
故郷(ふるさと)で祝うために…

どこまでも続くこの道
ずっとずっとまっすぐに
何年も帰らなかった
僕の気まずさ
あの頃は見つからなかった
この土地にしかないもの
今　やっと　気づいたよ
最後に帰るべき場所",https://www.uta-net.com/song/242051/
311457,HAKATA吸血鬼,秋元康,BASEMINT,BASEMINT,誰が私を狙っているの？　もう　そろそろ正解を見せても　いいタイミングじゃない？　「焦らさないで」　　ああ　あいつか彼か　息潜め　気配消してる黒い影　今夜も獲物　探してる　月の光　消える頃　どこかの憐(あわ)れな子羊に　ホントの顔を見せるのよ　鋭い牙で噛みつかれ　The end　　美しい男だったら　堕ちてくことも悪くないわ　笑顔で死ねるでしょう　　情熱が欲しい　欲しい　滴(したた)るような　真っ赤に燃えた血を…　接吻(くちづけ)してよ　してよ　忘れられない　愛とは奪うもの　吸血鬼よ　吸血鬼よ　こっちにおいで　Near me...　吸血鬼よ　吸血鬼よ　残酷に Kiss me！　　ふいに誰かが腕を掴んで　「ね　今夜はこのままお帰り」と　耳に囁いた　「ほっといて！」　　ああ　善人？悪人？どっちなの　表情からは読み取れない　10秒以内に目を見つめYesかNoか答えなきゃ　強がり言っても通じない　素性は全部バレている　幼稚な嘘の代償は Go to hell　　この世界　惜しくないなら　その生き方も悪くないわ　さよなら　たかが命　　欲望を捨てて　捨てて　無になりましょう　増えてく仲間たち　もう一度だけよ　だけよ　最後のハグを…　いつかは醒めるなら　悪い夢よ　悪い夢よ　うなされたって　So what？　悪い夢よ　悪い夢よ　図々しく Wake up！　　何も見えない暗闇は　自分自身を　実物大に映し出してくれる　思考の鏡　　情熱が欲しい　欲しい　滴(したた)るような　真っ赤に燃えた血を…　接吻(くちづけ)してよ　してよ　忘れられない　愛とは奪うもの　吸血鬼よ　吸血鬼よ　こっちにおいで　Near me...　吸血鬼よ　吸血鬼よ　残酷に Kiss me！,"誰が私を狙っているの？
もう　そろそろ正解を見せても
いいタイミングじゃない？
「焦らさないで」

ああ　あいつか彼か　息潜め　気配消してる黒い影
今夜も獲物　探してる　月の光　消える頃
どこかの憐(あわ)れな子羊に　ホントの顔を見せるのよ
鋭い牙で噛みつかれ　The end

美しい男だったら
堕ちてくことも悪くないわ
笑顔で死ねるでしょう

情熱が欲しい　欲しい　滴(したた)るような
真っ赤に燃えた血を…
接吻(くちづけ)してよ　してよ　忘れられない
愛とは奪うもの
吸血鬼よ
吸血鬼よ
こっちにおいで
Near me...
吸血鬼よ
吸血鬼よ
残酷に Kiss me！

ふいに誰かが腕を掴んで
「ね　今夜はこのままお帰り」と
耳に囁いた
「ほっといて！」

ああ　善人？悪人？どっちなの　表情からは読み取れない
10秒以内に目を見つめYesかNoか答えなきゃ
強がり言っても通じない　素性は全部バレている
幼稚な嘘の代償は Go to hell

この世界　惜しくないなら
その生き方も悪くないわ
さよなら　たかが命

欲望を捨てて　捨てて　無になりましょう
増えてく仲間たち
もう一度だけよ　だけよ　最後のハグを…
いつかは醒めるなら
悪い夢よ
悪い夢よ
うなされたって
So what？
悪い夢よ
悪い夢よ
図々しく Wake up！

何も見えない暗闇は
自分自身を　実物大に映し出してくれる
思考の鏡

情熱が欲しい　欲しい　滴(したた)るような
真っ赤に燃えた血を…
接吻(くちづけ)してよ　してよ　忘れられない
愛とは奪うもの
吸血鬼よ
吸血鬼よ
こっちにおいで
Near me...
吸血鬼よ
吸血鬼よ
残酷に Kiss me！",https://www.uta-net.com/song/311457/
151312,初恋バタフライ,秋元康,杉山勝彦,生田真心,少しだけ開(あ)いてた窓から　紛れ込んだモンシロチョウ　授業中　教室の壁を　自由にひらひら飛んでる　　あんな風に君のそばに行きたい　それが僕と気づかれないように…　　初恋はバタフライ　つかまえないで　君は僕のflower　切ないねバタフライ　ここにいるのに　僕は　(僕は)　何も言えない　　美しい真剣な表情で　君は前を向いている　ポニーテール　そこに止まったら　甘いシャンプーの香りかな　　心と身体(からだ)まるで幽体離脱　僕はここから君を見てる　　初恋はバタフライ　邪魔してるけど　僕を外に出さないで　もう少しバタフライ　そばにいさせて　君が　(君が)　大好きなんだ　　ほら机の上　今　羽根を合わせ　息を飲んで　止まってたら　君がwinkした　　初恋はバタフライ　つかまえないで　君は僕のflower　切ないねバタフライ　ここにいるのに　愛は　(愛は)　遠い　　初恋はバタフライ　邪魔してるけど　僕を外に出さないで　もう少しバタフライ　そばにいさせて　君が　(君が)　大好きなんだ,"少しだけ開(あ)いてた窓から
紛れ込んだモンシロチョウ
授業中　教室の壁を
自由にひらひら飛んでる

あんな風に君のそばに行きたい
それが僕と気づかれないように…

初恋はバタフライ
つかまえないで
君は僕のflower
切ないねバタフライ
ここにいるのに
僕は　(僕は)　何も言えない

美しい真剣な表情で
君は前を向いている
ポニーテール　そこに止まったら
甘いシャンプーの香りかな

心と身体(からだ)まるで幽体離脱
僕はここから君を見てる

初恋はバタフライ
邪魔してるけど
僕を外に出さないで
もう少しバタフライ
そばにいさせて
君が　(君が)　大好きなんだ

ほら机の上
今　羽根を合わせ
息を飲んで
止まってたら
君がwinkした

初恋はバタフライ
つかまえないで
君は僕のflower
切ないねバタフライ
ここにいるのに
愛は　(愛は)　遠い

初恋はバタフライ
邪魔してるけど
僕を外に出さないで
もう少しバタフライ
そばにいさせて
君が　(君が)　大好きなんだ",https://www.uta-net.com/song/151312/
248308,早送りカレンダー,秋元康,丸谷マナブ,APAZZI,さあー　ワンツースリー！　太陽を　WOWOW　急がせろ！　WOWOW　ロマンスが始まるよ　雨が(止んで)雲が(消えて)　梅雨が明けたら　こっちのもの(Hey！Hey！Hey！)　早送りカレンダー　　街角のカフェのテラス　パラソル　やっと開(ひら)いて　待ち望んでいた夏が　近づいて来る　天国に一番近い　あの海へ誘っていいかい？　今年こそ　二人きりで　泳ごう　　ノースリーブ　着替えた頃に　僕が君を迎えに行くよ　WOWOW　　さあー　ワンツースリー！　青空を　WOWOW　連れて来い！　WOWOW　もう恋の真っ最中　眩(まぶ)しい(日差し)木々の(どこか)　蝉が鳴いたら　ためらってる時間はないよ　すぐにキスしよう　君が好きだ　WOWOW　大好きだ　WOWOW　この気持ち　伝えたい　季節(変わる)前に(すでに)　首ったけなんだ　僕の負け(Hey！Hey！Hey！)　早送りサレンダー　　紫外線　じわりじわりと　何だか強くなって　袖をまくった分だけ　肌が灼けるよ　この街を脱出したら　砂浜で見つめていいかい？　夕暮れがやって来るまで　眠ろう　　どんな水着　着替えるのかな　でも誰にも見せたくないよ　WOWOW　　さあー　ワンツースリー！　南風　WOWOW　吹いてくれ！　WOWOW　胸の奥ざわざわと　青い(海に)白い(波は)　まだおとなしい　考えてる猶予はないぞ　燃え上がろうぜ　僕を好きか？　WOWOW　大好きか？　WOWOW　そんなこと聞けないよ　夏が(来れば)きっと(言える)　この先に期待して　準備中(Hey！Hey！Hey！)　情熱は誰んだー？　　さあー　ワンツースリー！　青空を　WOWOW　連れて来い！　WOWOW　もう恋の真っ最中　眩(まぶ)しい(日差し)木々の(どこか)　蝉が鳴いたら　ためらってる時間はないよ　すぐにキスしよう　君が好きだ　WOWOW　大好きだ　WOWOW　この気持ち　伝えたい　季節(変わる)前に(すでに)　首ったけなんだ　僕の負け(Hey！Hey！Hey！)　早送りサレンダー　　早送りカレンダー,"さあー　ワンツースリー！
太陽を　WOWOW
急がせろ！　WOWOW
ロマンスが始まるよ
雨が(止んで)雲が(消えて)
梅雨が明けたら
こっちのもの(Hey！Hey！Hey！)
早送りカレンダー

街角のカフェのテラス
パラソル　やっと開(ひら)いて
待ち望んでいた夏が
近づいて来る
天国に一番近い
あの海へ誘っていいかい？
今年こそ　二人きりで
泳ごう

ノースリーブ　着替えた頃に
僕が君を迎えに行くよ
WOWOW

さあー　ワンツースリー！
青空を　WOWOW
連れて来い！　WOWOW
もう恋の真っ最中
眩(まぶ)しい(日差し)木々の(どこか)
蝉が鳴いたら
ためらってる時間はないよ
すぐにキスしよう
君が好きだ　WOWOW
大好きだ　WOWOW
この気持ち　伝えたい
季節(変わる)前に(すでに)
首ったけなんだ
僕の負け(Hey！Hey！Hey！)
早送りサレンダー

紫外線　じわりじわりと
何だか強くなって
袖をまくった分だけ
肌が灼けるよ
この街を脱出したら
砂浜で見つめていいかい？
夕暮れがやって来るまで
眠ろう

どんな水着　着替えるのかな
でも誰にも見せたくないよ
WOWOW

さあー　ワンツースリー！
南風　WOWOW
吹いてくれ！　WOWOW
胸の奥ざわざわと
青い(海に)白い(波は)
まだおとなしい
考えてる猶予はないぞ
燃え上がろうぜ
僕を好きか？　WOWOW
大好きか？　WOWOW
そんなこと聞けないよ
夏が(来れば)きっと(言える)
この先に期待して
準備中(Hey！Hey！Hey！)
情熱は誰んだー？

さあー　ワンツースリー！
青空を　WOWOW
連れて来い！　WOWOW
もう恋の真っ最中
眩(まぶ)しい(日差し)木々の(どこか)
蝉が鳴いたら
ためらってる時間はないよ
すぐにキスしよう
君が好きだ　WOWOW
大好きだ　WOWOW
この気持ち　伝えたい
季節(変わる)前に(すでに)
首ったけなんだ
僕の負け(Hey！Hey！Hey！)
早送りサレンダー

早送りカレンダー",https://www.uta-net.com/song/248308/
375579,半袖天使,秋元康,井口貴弘,Fi'Ne,駅前のロータリー　行き交う路線バス　スクールリュックの群れ　流されてく　今日も退屈な一日になると　諦めてたけど　偶然　　ハイスピードの街　動体視力で認識(にんしき)できた　　半袖の天使よ　夏の制服　真っ白なシャツが羽根のようだね　ひらひらと舞いながら遠ざかった瞬間(しゅんかん)　振り向く君が　キュート過ぎる　　女子高生だらけのバスが出て行く　どこにもあるような光景だけど　次に会えるのはいつになるのだろう　心が叫んでた　Love you！　　大人になったって　愛と純粋さ　失いたくない　　片想い天使よ　そばにいてくれ　僕から近い通学路圏内で　言葉さえ交わさず　すれ違うだけで…　それでも君に　ときめいてる　　帰りも会いたいな　ここで待っていたら　君は来るかい？　　半袖の天使よ　夏の制服　真っ白なシャツが羽根のようだね　ひらひらと舞いながら遠ざかった瞬間(しゅんかん)　振り向く君が　キュート過ぎる,"駅前のロータリー　行き交う路線バス
スクールリュックの群れ　流されてく
今日も退屈な一日になると
諦めてたけど　偶然

ハイスピードの街
動体視力で認識(にんしき)できた

半袖の天使よ　夏の制服
真っ白なシャツが羽根のようだね
ひらひらと舞いながら遠ざかった瞬間(しゅんかん)
振り向く君が
キュート過ぎる

女子高生だらけのバスが出て行く
どこにもあるような光景だけど
次に会えるのはいつになるのだろう
心が叫んでた　Love you！

大人になったって
愛と純粋さ　失いたくない

片想い天使よ　そばにいてくれ
僕から近い通学路圏内で
言葉さえ交わさず　すれ違うだけで…
それでも君に
ときめいてる

帰りも会いたいな
ここで待っていたら　君は来るかい？

半袖の天使よ　夏の制服
真っ白なシャツが羽根のようだね
ひらひらと舞いながら遠ざかった瞬間(しゅんかん)
振り向く君が
キュート過ぎる",https://www.uta-net.com/song/375579/
224138,バグっていいじゃん,秋元康,ジマエモン,佐々木裕,バグっていいじゃん　バグっていいじゃん　バグっていいじゃん　　間違いだらけ　失敗だらけ　上手くはいかないじゃん　つまづきだらけ　谷底だらけ　それでも明日はやって来る　　生きるってのは疲れる(マジで)　大人になればわかる(きっと)　だから近道探して(迷い)　結局　遠回り　　そもそも世の中　何が正しい？　わからなくなった　ねえ　教えて！　　間違いOK！　失敗OK！　やり直せばいいじゃん　つまづきOK！　谷底OK！　今日のマイナス　チャンスにしよう　　バグっていいじゃん　バグっていいじゃん　バグっていいじゃん　修正して行こう！　　優等生はつらいね(みんな)　期待をされちゃ重い(たぶん)　だって　逃げ道ないでしょ(すべて)　正解　当たり前　　あんまり真面目に　考えたって　面白くないよ　GO！ BACK！ GO！　さあ　めちゃくちゃ！　　空振りドンマイ！　滑ってドンマイ！　挑戦すりゃいいじゃん　恥かきドンマイ！　ミジメもドンマイ！　失うもの　何にもない　　バグっていいじゃん　バグっていいじゃん　その後　よろしくじゃん　バグっていいじゃん　バグっていいじゃん　笑って誤魔化せばいいじゃん　　何とかなるじゃん　何とかなるじゃん　助けてもらおうじゃん　何とかなるじゃん　何とかなるじゃん　今まで何とかなって来たじゃん　　バグっていいじゃん　バグっていいじゃん　バグっていいじゃん　修正して行こう！,"バグっていいじゃん
バグっていいじゃん
バグっていいじゃん

間違いだらけ
失敗だらけ
上手くはいかないじゃん
つまづきだらけ
谷底だらけ
それでも明日はやって来る

生きるってのは疲れる(マジで)
大人になればわかる(きっと)
だから近道探して(迷い)
結局　遠回り

そもそも世の中
何が正しい？
わからなくなった
ねえ　教えて！

間違いOK！
失敗OK！
やり直せばいいじゃん
つまづきOK！
谷底OK！
今日のマイナス　チャンスにしよう

バグっていいじゃん
バグっていいじゃん
バグっていいじゃん
修正して行こう！

優等生はつらいね(みんな)
期待をされちゃ重い(たぶん)
だって　逃げ道ないでしょ(すべて)
正解　当たり前

あんまり真面目に
考えたって
面白くないよ
GO！ BACK！ GO！
さあ　めちゃくちゃ！

空振りドンマイ！
滑ってドンマイ！
挑戦すりゃいいじゃん
恥かきドンマイ！
ミジメもドンマイ！
失うもの　何にもない

バグっていいじゃん
バグっていいじゃん
その後　よろしくじゃん
バグっていいじゃん
バグっていいじゃん
笑って誤魔化せばいいじゃん

何とかなるじゃん
何とかなるじゃん
助けてもらおうじゃん
何とかなるじゃん
何とかなるじゃん
今まで何とかなって来たじゃん

バグっていいじゃん
バグっていいじゃん
バグっていいじゃん
修正して行こう！",https://www.uta-net.com/song/224138/
346695,バケツを被れ！,秋元康,渡辺淳,APAZZI,あんなに泣いてた　孤独な誰かが　なぜか突然　強い自分になって大粒の涙　ピタリと止めたよ　　そんなことあるの？　魔法を掛けられたか？　きっと最後の手段　しあわせは呼べる　　何かあったらバケツを被れ！　どんな効果があるのか知らん！　それでいい　よくわかんないけど　何だか上手く行きそうだ　どんなバケツも僕たちの味方　　生きてりゃ誰だって　不運に当たる　どこに逃げようと　安全な場所は見つからないから　降り注ぐ礫(つぶて)は　　どういう意味かは　そのうちわかって来る　自分の身を守るしかない　人生はサバイバル　　どんな時でもバケツを被れ！　笑われたって構うものか！　大切な　たった一つのもの　守らなきゃいけないんだ　君の未来が怪我しないように…　　何かあったらバケツを被れ！　どんな効果があるのか知らん！　それでいい　よくわかんないけど　何だか上手く行きそうだ　どんなバケツも僕たちの味方　　見えないバケツ,"あんなに泣いてた　孤独な誰かが
なぜか突然
強い自分になって大粒の涙
ピタリと止めたよ

そんなことあるの？
魔法を掛けられたか？
きっと最後の手段
しあわせは呼べる

何かあったらバケツを被れ！
どんな効果があるのか知らん！
それでいい　よくわかんないけど
何だか上手く行きそうだ
どんなバケツも僕たちの味方

生きてりゃ誰だって　不運に当たる
どこに逃げようと
安全な場所は見つからないから
降り注ぐ礫(つぶて)は

どういう意味かは
そのうちわかって来る
自分の身を守るしかない
人生はサバイバル

どんな時でもバケツを被れ！
笑われたって構うものか！
大切な　たった一つのもの
守らなきゃいけないんだ
君の未来が怪我しないように…

何かあったらバケツを被れ！
どんな効果があるのか知らん！
それでいい　よくわかんないけど
何だか上手く行きそうだ
どんなバケツも僕たちの味方

見えないバケツ",https://www.uta-net.com/song/346695/
170385,控えめI love you !,秋元康,pakorama,野中“まさ”雄一,走るあなたにDoki (Doki)　目で追いかけてlock on　校庭はいつも　陽射しのシャッターチャンス　　風に吹かれてLonely (Lonely)　あと半年のSchool days　何にも書けずに　めくれるDiary　　カッコいい男子なら　他にもいるのにね　あなたでなくちゃ　あなたでなくちゃ　絶対　絶対　無理なの　　ごめんね　片思いして　Love you ! Love you ! 控えめに　ここで見ているだけでいい　出逢えただけでも　満足　迷惑かけたくないし　Love you ! Love you ! 独り言　部活頑張って　私に気づかないで　　何をしててもKyun (Kyun)　知らず知らずにsmile　妄想の中は　自由なダイアローグ　　恋をするってHappy (Happy)　心弾むMiracle time　叶わなくたって　しあわせプリンセス　　仲のいい友達は　あきれているけれど　純情過ぎちゃ　純情過ぎちゃ　どうして　どうして　だめなの？　　お願い　夢を見させて　Love me ! Love me ! 少しだけ　思い出せるくらいでいい　目と目合うだけでも　ラッキー　会話は緊張するし　Love me ! Love me ! 永遠に　ずっと　遠い人　こっそり憧れたい　　ごめんね　片思いして　Love you ! Love you ! 控えめに　ここで見ているだけでいい　出逢えただけでも　満足　迷惑かけたくないし　Love you ! Love you ! 独り言　部活頑張って　私に気づかないで,"走るあなたにDoki (Doki)
目で追いかけてlock on
校庭はいつも
陽射しのシャッターチャンス

風に吹かれてLonely (Lonely)
あと半年のSchool days
何にも書けずに
めくれるDiary

カッコいい男子なら
他にもいるのにね
あなたでなくちゃ
あなたでなくちゃ
絶対　絶対　無理なの

ごめんね　片思いして
Love you ! Love you ! 控えめに
ここで見ているだけでいい
出逢えただけでも
満足
迷惑かけたくないし
Love you ! Love you ! 独り言
部活頑張って
私に気づかないで

何をしててもKyun (Kyun)
知らず知らずにsmile
妄想の中は
自由なダイアローグ

恋をするってHappy (Happy)
心弾むMiracle time
叶わなくたって
しあわせプリンセス

仲のいい友達は
あきれているけれど
純情過ぎちゃ
純情過ぎちゃ
どうして　どうして　だめなの？

お願い　夢を見させて
Love me ! Love me ! 少しだけ
思い出せるくらいでいい
目と目合うだけでも
ラッキー
会話は緊張するし
Love me ! Love me ! 永遠に
ずっと　遠い人
こっそり憧れたい

ごめんね　片思いして
Love you ! Love you ! 控えめに
ここで見ているだけでいい
出逢えただけでも
満足
迷惑かけたくないし
Love you ! Love you ! 独り言
部活頑張って
私に気づかないで",https://www.uta-net.com/song/170385/
224137,必然的恋人,秋元康,池澤聡,池澤聡,ああ　だから　僕は言い続けてたんだ　絶対に運じゃないってことを…　この世にはもっと確かなことが　そう　存在するってわかっただろう　　君は不安そうに　僕に何度も聞いた　愛はいつもどうなるのか先が読めない　(勝手なもの)　　必然的恋人　君と僕の関係　お互いを選んだこと　偶然は蚊帳(かや)の外　こんな広い世界に　たった一人いるんだ　もし何かあったとしても　そこにある揺るがない真実　未来は知ってる　　ねえ　もっと　君は自信持って欲しい　好きなんてそんな軽い言葉じゃない　人生で何度口にできるか　疑うことなく受け止めて欲しい　　僕は瞳(め)を見つめて　今　君を諭(さと)したんだ　愛はいつも思い込んで生まれるものさ　(勝手だけど)　　必然的感情　君と僕の間に　惹かれ合う強い力　愛しさは無敵だね　どんな高い障壁も　きっと乗り越えられる　あらかじめ決められてた　ときめきに導かれるように　僕らは出会った　　必然的恋人　君と僕の関係　お互いを選んだこと　偶然は蚊帳(かや)の外　こんな広い世界に　たった一人いるんだ　もし何かあったとしても　そこにある揺るがない真実　未来は知ってる,"ああ　だから　僕は言い続けてたんだ
絶対に運じゃないってことを…
この世にはもっと確かなことが
そう　存在するってわかっただろう

君は不安そうに
僕に何度も聞いた
愛はいつもどうなるのか先が読めない
(勝手なもの)

必然的恋人
君と僕の関係
お互いを選んだこと
偶然は蚊帳(かや)の外
こんな広い世界に
たった一人いるんだ
もし何かあったとしても
そこにある揺るがない真実
未来は知ってる

ねえ　もっと　君は自信持って欲しい
好きなんてそんな軽い言葉じゃない
人生で何度口にできるか
疑うことなく受け止めて欲しい

僕は瞳(め)を見つめて
今　君を諭(さと)したんだ
愛はいつも思い込んで生まれるものさ
(勝手だけど)

必然的感情
君と僕の間に
惹かれ合う強い力
愛しさは無敵だね
どんな高い障壁も
きっと乗り越えられる
あらかじめ決められてた
ときめきに導かれるように
僕らは出会った

必然的恋人
君と僕の関係
お互いを選んだこと
偶然は蚊帳(かや)の外
こんな広い世界に
たった一人いるんだ
もし何かあったとしても
そこにある揺るがない真実
未来は知ってる",https://www.uta-net.com/song/224137/
242052,人差し指の銃弾,秋元康,鈴木智貴,APAZZI,前から気づいてた　ずっと　噂の正体　私を盗み見て　そっと　指を差す人たち　　背中に感じる視線(視線)　悪意の銃弾よ　　道路の真ん中に　立って　動かないまま　ちょっとだけ言わせてくれ！　クラクション　浴びながら…　　心が蜂の巣になって　血を流しても　やりたいようにやるだけだ　生き方なんか変えられない　愚かでもいい　　気になどするものか　邪魔をされたくない　Don't disturb ！　自由でいたいんだ　もし　誰かに　ディスられても…　気になどするものか　ここで負けたくない　Don't give up ！　振り向き微笑もう　声　出さずに　指立てろ！　　誰かが囁く言葉(言葉)　悪意の銃弾よ　　枯葉が舞い上がるように　木枯らしが吹く　ひそひそ声(ごえ)がして　ふいに　この胸がざわめくよ　　誰かに責められる痛み　慣れているから　陰に隠れて狙うスナイパー　臆病者を探しはしない　見逃してやる　　相手にするものか　姿見せないもの　No chance　一人でいたいんだ　もし　事実を　誤解されても…　相手にするものか　全部　スルーしよう　No problem　関係ないことさ　ウインクしながら　指　立てろ！　　どこかで今　聴こえて来た　銃声　どうでもいい　どうでもいい　Malice Malice　　気になどするものか　邪魔をされたくない　Don't disturb ！　自由でいたいんだ　もし　誰かに　ディスられても…　気になどするものか　ここで負けたくない　Don't give up ！　振り向き微笑もう　声　出さずに　指立てろ！　　背中に感じる視線(視線)　悪意の銃弾よ　悪意の銃弾よ　人差し指の銃弾,"前から気づいてた　ずっと
噂の正体
私を盗み見て　そっと
指を差す人たち

背中に感じる視線(視線)
悪意の銃弾よ

道路の真ん中に　立って
動かないまま
ちょっとだけ言わせてくれ！
クラクション　浴びながら…

心が蜂の巣になって
血を流しても
やりたいようにやるだけだ
生き方なんか変えられない
愚かでもいい

気になどするものか
邪魔をされたくない　Don't disturb ！
自由でいたいんだ
もし　誰かに
ディスられても…
気になどするものか
ここで負けたくない　Don't give up ！
振り向き微笑もう
声　出さずに
指立てろ！

誰かが囁く言葉(言葉)
悪意の銃弾よ

枯葉が舞い上がるように
木枯らしが吹く
ひそひそ声(ごえ)がして　ふいに
この胸がざわめくよ

誰かに責められる痛み
慣れているから
陰に隠れて狙うスナイパー
臆病者を探しはしない
見逃してやる

相手にするものか
姿見せないもの　No chance
一人でいたいんだ
もし　事実を
誤解されても…
相手にするものか
全部　スルーしよう　No problem
関係ないことさ
ウインクしながら
指　立てろ！

どこかで今　聴こえて来た
銃声
どうでもいい　どうでもいい
Malice Malice

気になどするものか
邪魔をされたくない　Don't disturb ！
自由でいたいんだ
もし　誰かに
ディスられても…
気になどするものか
ここで負けたくない　Don't give up ！
振り向き微笑もう
声　出さずに
指立てろ！

背中に感じる視線(視線)
悪意の銃弾よ
悪意の銃弾よ
人差し指の銃弾",https://www.uta-net.com/song/242052/
320610,向日葵の水彩画,秋元康,山田智和,住谷翔平,向日葵の水彩画　思い出は褪(あ)せたって　鮮やかな黄色とあの色遣い　忘れないよ　　僕はいつの間にか　大人になっていた　景色なんて見なくなった　どこにどんな花が咲いているかさえも　気づかないくらいに忙しかった　　バスの窓(遠く)眺めてた(街よ)　青春はどこへ行ったのか？　　向日葵の水彩画　今もまだ覚えてる　そう君のスケッチブックが風に捲(めく)られて　描きかけの水彩画　なぜだろう　キュンとした　恋はもっと知りたいと　想う気持ちだ　　君は風の中に　夏を見つけたかい？　波の音や潮の香り　どんな彼のそばで　バカンスの計画　ああ　幸せそうに話してるだろう　　周りには(どこか)あの頃の(野原)　懐かしい夢があればいい　　向日葵が枯れるまで諦めずにいたんだよ　初恋は叶わないなんて　信じられなくて…　項垂(うなだ)れて枯れるまで　世界一好きだった　時間(とき)はいつも悲しみを　忘れる薬　　僕が願うことは　君が描き上げていて…　あの水彩画　　向日葵の水彩画　今もまだ覚えてる　そう君のスケッチブックが風に捲(めく)られて　描きかけの水彩画　なぜだろう　キュンとした　恋はもっと知りたいと　想う気持ちだ,"向日葵の水彩画　思い出は褪(あ)せたって
鮮やかな黄色とあの色遣い　忘れないよ

僕はいつの間にか　大人になっていた
景色なんて見なくなった
どこにどんな花が咲いているかさえも
気づかないくらいに忙しかった

バスの窓(遠く)眺めてた(街よ)
青春はどこへ行ったのか？

向日葵の水彩画　今もまだ覚えてる
そう君のスケッチブックが風に捲(めく)られて
描きかけの水彩画　なぜだろう　キュンとした
恋はもっと知りたいと
想う気持ちだ

君は風の中に　夏を見つけたかい？
波の音や潮の香り
どんな彼のそばで　バカンスの計画
ああ　幸せそうに話してるだろう

周りには(どこか)あの頃の(野原)
懐かしい夢があればいい

向日葵が枯れるまで諦めずにいたんだよ
初恋は叶わないなんて　信じられなくて…
項垂(うなだ)れて枯れるまで　世界一好きだった
時間(とき)はいつも悲しみを
忘れる薬

僕が願うことは
君が描き上げていて…
あの水彩画

向日葵の水彩画　今もまだ覚えてる
そう君のスケッチブックが風に捲(めく)られて
描きかけの水彩画　なぜだろう　キュンとした
恋はもっと知りたいと
想う気持ちだ",https://www.uta-net.com/song/320610/
320611,ビーサンはなぜなくなるのか？,秋元康,YU-JIN,YU-JIN,夏が来る気配は　昨日より眩(まぶ)しい青空(青空)　トンネル抜けたように　ある日を境に　ハレーション起こす日差し　　髪を束ねて　ポニーテールにする仕草を　僕は何百回くらい見て来ただろう　　そうさ　今年こそ(今年こそ)　ちゃんと言おう(ちゃんと言おう)　ずっと隠していた　心の内　好きだっていうこと　　ビーサンで海へ行こう　砂浜で脱ぎ捨てられるように　君と波打ち際　走りたい(水しぶき上げながら)　スニーカーなんかじゃ　すぐに脱げないだろう？　恋はもっと衝動的なものさ　ビーサンでキスをしたい　カッコつけたって似合わないから　裸足の方が自分らしいし(背伸びしたくないんだ)　友達としてのその足跡から　恋人の足跡　繋げよう　　キンキンに冷えてるラムネ　一気飲みしてむせて　僕たちは何千回以上　笑い合ったっけ？　　きっと　最後だね(最後だね)　こんなチャンス(こんなチャンス)　この夏を逃(のが)したら　もう二度と好きだって言えない　　Tシャツは恋の季節　太陽が照りつけてる間(あいだ)に　君と思い出の陽灼けしたい(青春は過ぎて行く)　大人になったら間に合わなくなる　今しかできないこと　今やろう　Ah　　夏が来るとビーチサンダル　同じものを買ってしまうよ　どこかになくしてしまうのはなぜ？(誰のせいだろ？)　僕の七不思議だ　　ビーサンで海へ行こう　砂浜で脱ぎ捨てられるように　君と波打ち際　走りたい(水しぶき上げながら)　スニーカーなんかじゃ　すぐに脱げないだろう？　恋はもっと衝動的なものさ　ビーサンでキスをしたい　カッコつけたって似合わないから　裸足の方が自分らしいし(背伸びしたくないんだ)　友達としてのその足跡から　僕たちのビーサン　さざ波がどこかへ持って行く,"夏が来る気配は　昨日より眩(まぶ)しい青空(青空)
トンネル抜けたように　ある日を境に
ハレーション起こす日差し

髪を束ねて　ポニーテールにする仕草を
僕は何百回くらい見て来ただろう

そうさ　今年こそ(今年こそ)
ちゃんと言おう(ちゃんと言おう)
ずっと隠していた　心の内　好きだっていうこと

ビーサンで海へ行こう　砂浜で脱ぎ捨てられるように
君と波打ち際　走りたい(水しぶき上げながら)
スニーカーなんかじゃ　すぐに脱げないだろう？
恋はもっと衝動的なものさ
ビーサンでキスをしたい　カッコつけたって似合わないから
裸足の方が自分らしいし(背伸びしたくないんだ)
友達としてのその足跡から
恋人の足跡　繋げよう

キンキンに冷えてるラムネ　一気飲みしてむせて
僕たちは何千回以上　笑い合ったっけ？

きっと　最後だね(最後だね)
こんなチャンス(こんなチャンス)
この夏を逃(のが)したら　もう二度と好きだって言えない

Tシャツは恋の季節　太陽が照りつけてる間(あいだ)に
君と思い出の陽灼けしたい(青春は過ぎて行く)
大人になったら間に合わなくなる
今しかできないこと　今やろう　Ah

夏が来るとビーチサンダル
同じものを買ってしまうよ
どこかになくしてしまうのはなぜ？(誰のせいだろ？)
僕の七不思議だ

ビーサンで海へ行こう　砂浜で脱ぎ捨てられるように
君と波打ち際　走りたい(水しぶき上げながら)
スニーカーなんかじゃ　すぐに脱げないだろう？
恋はもっと衝動的なものさ
ビーサンでキスをしたい　カッコつけたって似合わないから
裸足の方が自分らしいし(背伸びしたくないんだ)
友達としてのその足跡から
僕たちのビーサン
さざ波がどこかへ持って行く",https://www.uta-net.com/song/320611/
245621,ぶっ倒れるまで,秋元康,バグベア,野中“まさ”雄一,Oh...　Oh...　　最初に聴くならどんな歌がいい？　どれか一曲　選んでみろ　周りの意見は関係ない　ただホントに聴きたいもの　あ　あ　　これからの人生をどうスタートさせるか？　まだまだ何も考えてない　理由なんかなくていい　盛り上がるならそれにしよう　　僕は突っ走るよ　どんな曲だって任せとけ！　　ぶっ倒れるまで全力だ　四の五の言わずについて来い　途中退場　認めない　全て捧げ命を懸けるんだ　叫び続けろよ　(マジに対する礼儀じゃないか)　ぶっ倒れるまで全力だ　腕を振り上げろ！オーディエンス！　こんな青春あったこと　いつの日か伝説として語られる　ちゃんと見届けろよ　(今夜くらい躍り狂おう)　　Oh...　Oh...　　最後に聞くならどんな歌がいい？　たった一曲選んでみろ！　みんなにいろいろ言われたって　自分がよけりゃ最高だ　あ　あ　　一度の人生をどう締めくくればいい？　誰も答えが出せないんだよ　正解なんてありゃしない　先のことなんか知るもんか　　僕なら大丈夫　魂込めて歌いたい　　心臓止まるまでやめないぞ　物好きな奴ついてこい　ノリが悪けりゃ帰りなよ　嫌なことはこの場に捨てて行け！　ゴミのようなもの　(愛に対するこっちの愛だ)　心臓止まるまでやめないぞ　足を踏み鳴らせ！仲間たち　流れる汗が反射して　思い出す度　輝いて見えるんだ　もっと爆発しろ！　(さあ一緒にぶっ倒れようぜ)　　何を聴きたいんだ？　どんな歌だって　「歌ってやる！」　　ぶっ倒れるまで全力だ　四の五の言わずについて来い　途中退場　認めない　全て捧げ命を懸けるんだ　叫び続けろよ　(マジに対する礼儀じゃないか)　ぶっ倒れるまで全力だ　腕を振り上げろ！オーディエンス！　こんな青春あったこと　いつの日か伝説として語られる　ちゃんと見届けろよ　(今夜くらい躍り狂おう)　　Oh...　Oh...　Oh...　Oh...,"Oh...
Oh...

最初に聴くならどんな歌がいい？
どれか一曲　選んでみろ
周りの意見は関係ない
ただホントに聴きたいもの　あ　あ

これからの人生をどうスタートさせるか？
まだまだ何も考えてない
理由なんかなくていい
盛り上がるならそれにしよう

僕は突っ走るよ
どんな曲だって任せとけ！

ぶっ倒れるまで全力だ
四の五の言わずについて来い
途中退場　認めない
全て捧げ命を懸けるんだ
叫び続けろよ
(マジに対する礼儀じゃないか)
ぶっ倒れるまで全力だ
腕を振り上げろ！オーディエンス！
こんな青春あったこと
いつの日か伝説として語られる
ちゃんと見届けろよ
(今夜くらい躍り狂おう)

Oh...
Oh...

最後に聞くならどんな歌がいい？
たった一曲選んでみろ！
みんなにいろいろ言われたって
自分がよけりゃ最高だ　あ　あ

一度の人生をどう締めくくればいい？
誰も答えが出せないんだよ
正解なんてありゃしない
先のことなんか知るもんか

僕なら大丈夫
魂込めて歌いたい

心臓止まるまでやめないぞ
物好きな奴ついてこい
ノリが悪けりゃ帰りなよ
嫌なことはこの場に捨てて行け！
ゴミのようなもの
(愛に対するこっちの愛だ)
心臓止まるまでやめないぞ
足を踏み鳴らせ！仲間たち
流れる汗が反射して
思い出す度　輝いて見えるんだ
もっと爆発しろ！
(さあ一緒にぶっ倒れようぜ)

何を聴きたいんだ？
どんな歌だって
「歌ってやる！」

ぶっ倒れるまで全力だ
四の五の言わずについて来い
途中退場　認めない
全て捧げ命を懸けるんだ
叫び続けろよ
(マジに対する礼儀じゃないか)
ぶっ倒れるまで全力だ
腕を振り上げろ！オーディエンス！
こんな青春あったこと
いつの日か伝説として語られる
ちゃんと見届けろよ
(今夜くらい躍り狂おう)

Oh...
Oh...
Oh...
Oh...",https://www.uta-net.com/song/245621/
348147,僕たちは裏切った,秋元康,柳沢英樹,柳沢英樹,僕たちは裏切った　この世の全て　夜の海岸　小舟を出して…　きっと　二度とは戻れないよ　生まれたこの街　やるせないけど…　永遠に許されないとわかってる　失った世界にも　未来だけ見えるのは何故だろう　　君と出会って　衝撃を受けた　こんなに自由な人がいるのか　親や教師に洗脳されて　諦めて生きて来た　　今日までずっと　育ててくれて　感謝しながら　こんな家から出る　　僕たちは目覚めた　長い正夢　ここにはないとやっと気づいた　遥か遠くの夢の在処(ありか)を…　期待をされても見つけられない　一本のレール敷かれた　人生か？　そんな日々　ごめんだよ　何だってできるような水平線　　君に何かを教えられたよ　一つのきっかけ　金網破る　何でもできる　呪文のように　大声で叫んでみた　　好きだと言えば楽になるけど　革命起こす同志なんだよ　大きな夢を叶えるために　大海へ向かう　　僕たちは裏切った　この世の全て　夜の海岸　小舟を出して…　きっと　二度とは戻れないよ　生まれたこの街　やるせないけど…　永遠に許されないとわかってる　失った世界にも　未来だけ見えるのは何故だろう　　僕達は　自分さえ裏切って　生きて行く　運命　　ずっと,"僕たちは裏切った　この世の全て
夜の海岸　小舟を出して…
きっと　二度とは戻れないよ
生まれたこの街　やるせないけど…
永遠に許されないとわかってる
失った世界にも
未来だけ見えるのは何故だろう

君と出会って　衝撃を受けた
こんなに自由な人がいるのか
親や教師に洗脳されて
諦めて生きて来た

今日までずっと　育ててくれて
感謝しながら　こんな家から出る

僕たちは目覚めた　長い正夢
ここにはないとやっと気づいた
遥か遠くの夢の在処(ありか)を…
期待をされても見つけられない
一本のレール敷かれた　人生か？
そんな日々　ごめんだよ
何だってできるような水平線

君に何かを教えられたよ
一つのきっかけ　金網破る
何でもできる　呪文のように
大声で叫んでみた

好きだと言えば楽になるけど
革命起こす同志なんだよ
大きな夢を叶えるために
大海へ向かう

僕たちは裏切った　この世の全て
夜の海岸　小舟を出して…
きっと　二度とは戻れないよ
生まれたこの街　やるせないけど…
永遠に許されないとわかってる
失った世界にも
未来だけ見えるのは何故だろう

僕達は
自分さえ裏切って　生きて行く
運命

ずっと",https://www.uta-net.com/song/348147/
359748,僕はやっと君を心配できる,秋元康,三谷秀甫,三谷秀甫・藤代佑太郎,ガラスの窓の四角い青空　何が見えてて　何が見えないのか？　　僕らはいつも　地球の中心で　世界の全て　わかってる気がした　　編集されたニュースのように　そこにあるのが真実じゃない　大事なのは　違う角度から　見上げる空　晴れてないだろう？　　今すぐに　外に出ろ！　外に出ろ！　この部屋で語っても　意味がない　意味がない　厚い壁　ぶち破れ！　風がなきゃ　風がなきゃ　リアルではないだろう　ひとごとで終わるだけ　関係ない　　自分たちが守られていたって　誰かの悲しみは感じられやしない　遠くから眺めりゃ対岸の火事だろう　共通の痛みをいつか知った時に　僕はやっと君を心配できる　　そんな馬鹿げた出来事なんかない　想像力が足りなかったのかな　　大事なことを見逃すなよ　疑惑は雲に隠れてる　人間とは　なんて愚かだ　嘘をつくよ　自分自身に　　いつだって　愛なんだ！　愛なんだ！　悲しみを癒(い)やすのは…　世の中って　世の中って　捨てたもんじゃないだろう？　夢を見ろ！　夢を見ろ！　想像で空を飛べ！　諦めてしまったら　今のままだ　　僕らには何もないけど　あり余るくらい時間があるんだ　何回だって立ち上がれ！　ホントの愛を見つけるまで　　編集されたニュースのように　そこにあるのが真実じゃない　大事なのは　違う角度から　見上げる空　晴れてないだろう？　　もう一度　声を出そう　　外に出ろ！　外に出ろ！　この部屋で語っても　意味がない　意味がない　厚い壁　ぶち破れ！　風がなきゃ　風がなきゃ　リアルではないだろう　ひとごとで終わるだけ　関係ない　　自分たちが守られていたって　誰かの悲しみは感じられやしない　遠くから眺めりゃ対岸の火事だろう　共通の痛みをいつか知った時に　僕はやっと君を心配できる　　生きてさえいればいい　そのうちにわかる　ようやく君のこと心配できるよ　Ah...,"ガラスの窓の四角い青空
何が見えてて　何が見えないのか？

僕らはいつも　地球の中心で
世界の全て　わかってる気がした

編集されたニュースのように
そこにあるのが真実じゃない
大事なのは　違う角度から
見上げる空
晴れてないだろう？

今すぐに
外に出ろ！　外に出ろ！
この部屋で語っても
意味がない　意味がない
厚い壁　ぶち破れ！
風がなきゃ　風がなきゃ
リアルではないだろう
ひとごとで終わるだけ
関係ない

自分たちが守られていたって
誰かの悲しみは感じられやしない
遠くから眺めりゃ対岸の火事だろう
共通の痛みをいつか知った時に
僕はやっと君を心配できる

そんな馬鹿げた出来事なんかない
想像力が足りなかったのかな

大事なことを見逃すなよ
疑惑は雲に隠れてる
人間とは　なんて愚かだ
嘘をつくよ
自分自身に

いつだって
愛なんだ！　愛なんだ！
悲しみを癒(い)やすのは…
世の中って　世の中って
捨てたもんじゃないだろう？
夢を見ろ！　夢を見ろ！
想像で空を飛べ！
諦めてしまったら
今のままだ

僕らには何もないけど
あり余るくらい時間があるんだ
何回だって立ち上がれ！
ホントの愛を見つけるまで

編集されたニュースのように
そこにあるのが真実じゃない
大事なのは　違う角度から
見上げる空
晴れてないだろう？

もう一度
声を出そう

外に出ろ！　外に出ろ！
この部屋で語っても
意味がない　意味がない
厚い壁　ぶち破れ！
風がなきゃ　風がなきゃ
リアルではないだろう
ひとごとで終わるだけ
関係ない

自分たちが守られていたって
誰かの悲しみは感じられやしない
遠くから眺めりゃ対岸の火事だろう
共通の痛みをいつか知った時に
僕はやっと君を心配できる

生きてさえいればいい　そのうちにわかる
ようやく君のこと心配できるよ
Ah...",https://www.uta-net.com/song/359748/
348146,待ちやがれ！,秋元康,ジンツチハシ,ジンツチハシ,ヤ　ヤ　待ちやがれ！　あいつが噂の恋泥棒　ヤ　ヤ　許さねえ！　勝手にハートを盗んでく　カモン　　そりゃあ確かにモテるんだろう　それだからと言ってやりすぎだぜ　ヤ　ヤ　待ちやがれ！　誰かの女に手を出すな　幸せそうなカップルなのに　その間に入ろうとするのか？　ヤ　ヤ　許さねえ！　恋するみんなの邪魔するな　　何のためにそんな嫌われ　自分だって不幸じゃないのか　もっと本気で恋してごらんよ　まともになれ　　他人(ひと)のものを欲しがるなんて　自分じゃ見つけられないからだろ？　恋とは奪うものじゃない　そっと育てるものだ　　誰か泣かせてどうするつもり？　甘い恋路　通せんぼするのか？　ヤ　ヤ　ヘソ曲がりめ　彼氏がいないと燃えないって…　ゲームみたいな感覚だろう　心の痛み　味わってみろよ　ヤ　ヤ　天邪鬼　奪ったハートは傷ついてる　　お前なんか相手にしねえ　誰も彼もやたら言い出す　なぜにそんな狭い恋の隙間に　横入りする？　　自分にとって大事なもの　それだけ探していればいいだろう？　わざわざ人様のハート　奪おうとするなんて…　　何かあるんだね　過去の悲しい経験　きっと誰かに彼女　奪われて　その復讐か　　他人(ひと)のものを欲しがるなんて　自分じゃ見つけられないからだろ？　恋とは奪うものじゃない　そっと育てるものだ　　ヤ　ヤ　ヘソ曲がりめ　彼氏がいないと燃えないって…　ヤ　ヤ　天邪鬼　奪ったハートは傷ついてる　ヤ　ヤ　待ちやがれ！　あいつが噂の恋泥棒　ヤ　ヤ　許さねえ！　勝手にハートを盗んでく,"ヤ　ヤ　待ちやがれ！
あいつが噂の恋泥棒
ヤ　ヤ　許さねえ！
勝手にハートを盗んでく
カモン

そりゃあ確かにモテるんだろう
それだからと言ってやりすぎだぜ
ヤ　ヤ　待ちやがれ！
誰かの女に手を出すな
幸せそうなカップルなのに
その間に入ろうとするのか？
ヤ　ヤ　許さねえ！
恋するみんなの邪魔するな

何のためにそんな嫌われ
自分だって不幸じゃないのか
もっと本気で恋してごらんよ
まともになれ

他人(ひと)のものを欲しがるなんて
自分じゃ見つけられないからだろ？
恋とは奪うものじゃない
そっと育てるものだ

誰か泣かせてどうするつもり？
甘い恋路　通せんぼするのか？
ヤ　ヤ　ヘソ曲がりめ
彼氏がいないと燃えないって…
ゲームみたいな感覚だろう
心の痛み　味わってみろよ
ヤ　ヤ　天邪鬼
奪ったハートは傷ついてる

お前なんか相手にしねえ
誰も彼もやたら言い出す
なぜにそんな狭い恋の隙間に
横入りする？

自分にとって大事なもの
それだけ探していればいいだろう？
わざわざ人様のハート
奪おうとするなんて…

何かあるんだね
過去の悲しい経験
きっと誰かに彼女　奪われて
その復讐か

他人(ひと)のものを欲しがるなんて
自分じゃ見つけられないからだろ？
恋とは奪うものじゃない
そっと育てるものだ

ヤ　ヤ　ヘソ曲がりめ
彼氏がいないと燃えないって…
ヤ　ヤ　天邪鬼
奪ったハートは傷ついてる
ヤ　ヤ　待ちやがれ！
あいつが噂の恋泥棒
ヤ　ヤ　許さねえ！
勝手にハートを盗んでく",https://www.uta-net.com/song/348146/
204064,Make noise,秋元康,外山大輔,佐々木裕,WOW WOW WOW WOW　WOW WOW WOW WOW　　暗闇のドーベルマンが　牙を剥くように　不意に現れた男　威嚇していた　　愛された記憶がない　一人で生きて来た　疑うことだけ覚えて　暗い眼差しで　　やさしくされても　どうすればいいのか　睨みつけるしかなかった　　どういう顔で泣けばいいの？　誰かのことを待ってたのよ　教えてもらえなかった　そんな甘え方　信じることが怖かったの　鎖に繋がれてしまう　どこへも行けなくなって　飼い慣らされていた　　WOW WOW WOW WOW　WOW WOW WOW WOW　　青い月　見上げていると　息が苦しくなる　美しいものはすべて　手が届かない　　夢なんか儚いもの　そのまま消えて行く　初めから見てない方が　もっと楽だろう…　　世界のすべてを　あきらめた時から　私は強くなれたよ　　どういう声も気にならない　愛する人はここに来ない　誰にも頼らないよと　強がらせて欲しい　奥歯噛み締め　我慢しても　涙が勝手に溢れる　ここではないどこかへと　いつかは出て行こう　　どういう顔で泣けばいいの？　誰かのことを待ってたのよ　教えてもらえなかった　そんな甘え方　信じることが怖かったの　鎖に繋がれてしまう　どこへも行けなくなって　飼い慣らされていた,"WOW WOW WOW WOW
WOW WOW WOW WOW

暗闇のドーベルマンが
牙を剥くように
不意に現れた男
威嚇していた

愛された記憶がない
一人で生きて来た
疑うことだけ覚えて
暗い眼差しで

やさしくされても
どうすればいいのか
睨みつけるしかなかった

どういう顔で泣けばいいの？
誰かのことを待ってたのよ
教えてもらえなかった
そんな甘え方
信じることが怖かったの
鎖に繋がれてしまう
どこへも行けなくなって
飼い慣らされていた

WOW WOW WOW WOW
WOW WOW WOW WOW

青い月　見上げていると
息が苦しくなる
美しいものはすべて
手が届かない

夢なんか儚いもの
そのまま消えて行く
初めから見てない方が
もっと楽だろう…

世界のすべてを
あきらめた時から
私は強くなれたよ

どういう声も気にならない
愛する人はここに来ない
誰にも頼らないよと
強がらせて欲しい
奥歯噛み締め　我慢しても
涙が勝手に溢れる
ここではないどこかへと
いつかは出て行こう

どういう顔で泣けばいいの？
誰かのことを待ってたのよ
教えてもらえなかった
そんな甘え方
信じることが怖かったの
鎖に繋がれてしまう
どこへも行けなくなって
飼い慣らされていた",https://www.uta-net.com/song/204064/
151534,メロンジュース,秋元康,井上ヨシマサ,井上ヨシマサ,あなたにあげたい　メロンジュース　　走る電車　連結の辺りで　前の車両　ずっと　チラ見してた　　つり革つかまる　あなたの右腕　昨日より陽に灼けて　太陽　近づいた　　だから　メロンジュース　ちょっと　大人ジュース　恋は汗をかくもの　夏は　メロンジュース　それは　夢のジュース　想いすべて絞って　あなたにあげたい　メロンジュース　　こんなそばで　憧れている　女子がいると　いつか気づいてよね　　ガタガタゴトンと　ハートは揺れてる　いくつ駅を過ぎたら　何かが起きるかな　　愛は　メロンジュース　だけど　切ないジュース　目と目　合えば満足　一人　メロンジュース　たまに　涙ジュース　私　片想い中　青春100%(ひゃくパー)　メロンジュース　　メロンジュース　(メロンジュース)　メロンジュース　(メロンジュース)　メロンジュース　(メロンジュース)　大好き　メロンジュース!　　通学路の出会い(出会い)　愛しさが募(つの)る　胸の奥の果実(果実)　ジュースにしよう　　だから　メロンジュース　ちょっと　大人ジュース　恋は汗をかくもの　夏は　メロンジュース　それは　夢のジュース　想いすべて絞って　　愛は　メロンジュース　だけど　切ないジュース　目と目　合えば満足　一人　メロンジュース　たまに　涙ジュース　私　片想い中　　あなたにあげたい　メロンジュース　　あなたにあげたい　メロンジュース　　あなたにあげたい　メロンジュース　　メロンジュース　メロンジュース　　大好き　メロンジュース!,"あなたにあげたい
メロンジュース

走る電車
連結の辺りで
前の車両
ずっと　チラ見してた

つり革つかまる
あなたの右腕
昨日より陽に灼けて
太陽　近づいた

だから
メロンジュース
ちょっと
大人ジュース
恋は汗をかくもの
夏は
メロンジュース
それは
夢のジュース
想いすべて絞って
あなたにあげたい
メロンジュース

こんなそばで
憧れている
女子がいると
いつか気づいてよね

ガタガタゴトンと
ハートは揺れてる
いくつ駅を過ぎたら
何かが起きるかな

愛は
メロンジュース
だけど
切ないジュース
目と目　合えば満足
一人
メロンジュース
たまに
涙ジュース
私　片想い中
青春100%(ひゃくパー)
メロンジュース

メロンジュース
(メロンジュース)
メロンジュース
(メロンジュース)
メロンジュース
(メロンジュース)
大好き
メロンジュース!

通学路の出会い(出会い)
愛しさが募(つの)る
胸の奥の果実(果実)
ジュースにしよう

だから
メロンジュース
ちょっと
大人ジュース
恋は汗をかくもの
夏は
メロンジュース
それは
夢のジュース
想いすべて絞って

愛は
メロンジュース
だけど
切ないジュース
目と目　合えば満足
一人
メロンジュース
たまに
涙ジュース
私　片想い中

あなたにあげたい
メロンジュース

あなたにあげたい
メロンジュース

あなたにあげたい
メロンジュース

メロンジュース
メロンジュース

大好き
メロンジュース!",https://www.uta-net.com/song/151534/
301836,UFO募集中,秋元康,ジンツチハシ,ジンツチハシ,息も詰まっちゃうような退屈すぎる授業中に　窓から空を見上げて　馬鹿馬鹿しい空想してた　勉強のない世界で　恋愛だけできたらいいね　正しいキスの仕方　誰か教えてくれないかな　　(Studying)教科書で顔隠し　(Studying)先生にバレないように　(Studying)最高の夢を見させて　Go ahead！Go ahead！Go ahead！Go ahead！ Go！Go！　　UFO乗って行こう　地球はそろそろ飽きちゃったのよ　もっと刺激的な(もっと刺激的な)　誰かと恋をしてどこかへ逃避行　UFO乗って行こう　普通の男子はつまらないじゃない？　例えばエイリアン(例えばエイリアン)　私の知らない星までワープして　宇宙の果てに Far Far Far　こんなとこにいたってしょうがない　燃料点火 Fire Fire Fire　Ready？ 3！2！1！0！発射！　　急に指されちゃったって　私なんか答えられない　何も聞いていないし　興味なんかまるでないのよ　地球上の言葉より　テレパシーとか覚えたいの　好きとか愛してるとか　そんな言葉は必要ない　　(Dreaming)テストとかパスしよう　(Dreaming)成績　関係ないし　(Dreaming)何処へでも行ける気がする　Let's go！Let's go！Let's go！Let's go！ Go！Go！　　UFO連れてって　イケメン男子がいっぱい暮らす星　そんな楽観的(そんな楽観的)　時間の過ごし方　楽しいサボり方　UFO連れてって　どこ行けば乗せてくれるか教えて？　本物のエイリアン(本物のエイリアン)　私にこっそり合図してちょうだい　銀河の彼方 Fly Fly Fly　さあ　今すぐ大気圏 抜け出そう　スタンバイはOK OK　Ready？ 3！2！1！0！出発！　　やっとチャイムが鳴って　古文とやらが終わった時　空にぽっかり浮かんだアダムスキー型の円盤　　UFO乗って行こう　地球はそろそろ飽きちゃったのよ　もっと刺激的な(もっと刺激的な)　誰かと恋をしてどこかへ逃避行　UFO乗って行こう　普通の男子はつまらないじゃない？　例えばエイリアン(例えばエイリアン)　私の知らない星までワープして　宇宙の果てに Far Far Far　こんなとこにいたってしょうがない　燃料点火 Fire Fire Fire　Ready？ 3！2！1！0！発射！,"息も詰まっちゃうような退屈すぎる授業中に
窓から空を見上げて　馬鹿馬鹿しい空想してた
勉強のない世界で　恋愛だけできたらいいね
正しいキスの仕方　誰か教えてくれないかな

(Studying)教科書で顔隠し
(Studying)先生にバレないように
(Studying)最高の夢を見させて
Go ahead！Go ahead！Go ahead！Go ahead！ Go！Go！

UFO乗って行こう
地球はそろそろ飽きちゃったのよ
もっと刺激的な(もっと刺激的な)
誰かと恋をしてどこかへ逃避行
UFO乗って行こう
普通の男子はつまらないじゃない？
例えばエイリアン(例えばエイリアン)
私の知らない星までワープして
宇宙の果てに Far Far Far
こんなとこにいたってしょうがない
燃料点火 Fire Fire Fire
Ready？ 3！2！1！0！発射！

急に指されちゃったって　私なんか答えられない
何も聞いていないし　興味なんかまるでないのよ
地球上の言葉より　テレパシーとか覚えたいの
好きとか愛してるとか　そんな言葉は必要ない

(Dreaming)テストとかパスしよう
(Dreaming)成績　関係ないし
(Dreaming)何処へでも行ける気がする
Let's go！Let's go！Let's go！Let's go！ Go！Go！

UFO連れてって
イケメン男子がいっぱい暮らす星
そんな楽観的(そんな楽観的)
時間の過ごし方　楽しいサボり方
UFO連れてって
どこ行けば乗せてくれるか教えて？
本物のエイリアン(本物のエイリアン)
私にこっそり合図してちょうだい
銀河の彼方 Fly Fly Fly
さあ　今すぐ大気圏 抜け出そう
スタンバイはOK OK
Ready？ 3！2！1！0！出発！

やっとチャイムが鳴って　古文とやらが終わった時
空にぽっかり浮かんだアダムスキー型の円盤

UFO乗って行こう
地球はそろそろ飽きちゃったのよ
もっと刺激的な(もっと刺激的な)
誰かと恋をしてどこかへ逃避行
UFO乗って行こう
普通の男子はつまらないじゃない？
例えばエイリアン(例えばエイリアン)
私の知らない星までワープして
宇宙の果てに Far Far Far
こんなとこにいたってしょうがない
燃料点火 Fire Fire Fire
Ready？ 3！2！1！0！発射！",https://www.uta-net.com/song/301836/
184454,ロックだよ、人生は…,秋元康,鈴木秋則,稲留春雄・田口智則,ガンガン　行くぜ！俺たち！　(Love & Peace)　ドンドン　進め！向こうまで！　(Love & Peace)　　嗚呼　このままじゃ　世界は終わるぜ！　ミサイル撃ちまくり　祭りみたいに　ドカン！ドカン！ドカン！　　出番だ！若者！　拳振り上げ　飛び跳ねろ！　　大人になんかまかせられねえ　目に見えぬこの戦争　くさいものにも蓋をするなよ　日本中　平和ボケ　　ガンガン　飛ばせ！この道！　(Love & Peace)　ドンドン　前へ！一直線！　(Love & Peace)　　嗚呼　金持ちは　高みの見物か？　破滅は秒読みだ　ゲームみたいに　The end！ The end！ The end！　　待ってろ！偽善者！　頭　縦振り　声を出せ！　　大人になんかまかせられねえ　やがて来る次の時代　死に行く者は口を出すなよ　世界中　リニューアル　　ガンガン　行くぜ！俺たち　(Love & Peace)　ドンドン　進め！向こうまで！　(Love & Peace)　　嗚呼　夜明けまで　完全燃焼だ　噴き出す汗は今　ダイヤみたいに　キラッ！キラッ！キラッ！　　大人になんかまかせられねえ　目に見えぬこの戦争　くさいものにも蓋をするなよ　日本中　平和ボケ　　ガンガン　飛ばせ！この道！　(Love & Peace)　ドンドン 前へ！一直線！　(Love & Peace)　　嗚呼　俺たちは　ノリしかないのさ　ロックだよ、人生は…　勢い次第　Love & Peace　Love & Peace　Love & Peace　Love & Peace,"ガンガン　行くぜ！俺たち！
(Love & Peace)
ドンドン　進め！向こうまで！
(Love & Peace)

嗚呼　このままじゃ
世界は終わるぜ！
ミサイル撃ちまくり
祭りみたいに
ドカン！ドカン！ドカン！

出番だ！若者！
拳振り上げ　飛び跳ねろ！

大人になんかまかせられねえ
目に見えぬこの戦争
くさいものにも蓋をするなよ
日本中　平和ボケ

ガンガン　飛ばせ！この道！
(Love & Peace)
ドンドン　前へ！一直線！
(Love & Peace)

嗚呼　金持ちは
高みの見物か？
破滅は秒読みだ
ゲームみたいに
The end！ The end！ The end！

待ってろ！偽善者！
頭　縦振り　声を出せ！

大人になんかまかせられねえ
やがて来る次の時代
死に行く者は口を出すなよ
世界中　リニューアル

ガンガン　行くぜ！俺たち
(Love & Peace)
ドンドン　進め！向こうまで！
(Love & Peace)

嗚呼　夜明けまで
完全燃焼だ
噴き出す汗は今
ダイヤみたいに
キラッ！キラッ！キラッ！

大人になんかまかせられねえ
目に見えぬこの戦争
くさいものにも蓋をするなよ
日本中　平和ボケ

ガンガン　飛ばせ！この道！
(Love & Peace)
ドンドン 前へ！一直線！
(Love & Peace)

嗚呼　俺たちは
ノリしかないのさ
ロックだよ、人生は…
勢い次第
Love & Peace
Love & Peace
Love & Peace
Love & Peace",https://www.uta-net.com/song/184454/
233663,ロマンティック病,秋元康,大橋莉子,若田部誠,ワン・トゥ・スリー　ある日　君にめぐり逢い　Fall in love　だけど気持ちは飛び込み厳禁　どうでもいい話をして　未練たっぷりサヨナラ　次に会った時には好きすぎて　目を合わせることもできなかった　ぎこちない　しょうもない　ありえない　　恋をすると　誰もが　いつの間にか　それ以前と　人が変わるもんだよ　まるで別人のように　(自分から望んでいるのか？)　ロマンティック病　　フワリフワリ　浮き上がれ！　現実は忘れよう　悲しみはここに捨てて　心　軽くなって　夢を見ればバラ色　フワリフワリ　浮き上がれ！　ときめきを思い出せ！　この想いが叶わなくても　今の僕は最高だ　ラブバルーン　　そして　君とまた会って　Crazy love　だって瞳は一方通行　相変わらず　上がりっぱなし　あっという間にバイバイ　何度　会ったところで好きすぎて　個人的な話できなかった　可能性　将来性　協調性　　恋と愛は　違うよ　気づかれたい　それが恋さ　そばにいるだけでいい　それが愛だとわかった　(じゃあ　僕のはどっちの方だろう？)　ロマンティック病　　フワリフワリ　風に乗れ！　ポジティブに吹かれよう　嫌なこと全部どけて　肩の荷を下ろして　ここはまるで天国　フワリフワリ　風に乗れ！　ドキドキに目を閉じろ！　この願いが届かなくても　ずっと君に片想い　ラブウィンドウ　　ロマンティック病　　フワリフワリ　浮き上がれ！　現実は忘れよう　悲しみはここに捨てて　心　軽くなって　夢を見ればバラ色　フワリフワリ　浮き上がれ！　ときめきを思い出せ！　この想いが叶わなくても　今の僕は最高だ　ラブバルーン,"ワン・トゥ・スリー
ある日　君にめぐり逢い　Fall in love
だけど気持ちは飛び込み厳禁
どうでもいい話をして
未練たっぷりサヨナラ
次に会った時には好きすぎて
目を合わせることもできなかった
ぎこちない　しょうもない
ありえない

恋をすると
誰もが
いつの間にか　それ以前と
人が変わるもんだよ
まるで別人のように
(自分から望んでいるのか？)
ロマンティック病

フワリフワリ　浮き上がれ！
現実は忘れよう
悲しみはここに捨てて
心　軽くなって
夢を見ればバラ色
フワリフワリ　浮き上がれ！
ときめきを思い出せ！
この想いが叶わなくても
今の僕は最高だ
ラブバルーン

そして　君とまた会って　Crazy love
だって瞳は一方通行
相変わらず　上がりっぱなし
あっという間にバイバイ
何度　会ったところで好きすぎて
個人的な話できなかった
可能性　将来性
協調性

恋と愛は
違うよ
気づかれたい　それが恋さ
そばにいるだけでいい
それが愛だとわかった
(じゃあ　僕のはどっちの方だろう？)
ロマンティック病

フワリフワリ　風に乗れ！
ポジティブに吹かれよう
嫌なこと全部どけて
肩の荷を下ろして
ここはまるで天国
フワリフワリ　風に乗れ！
ドキドキに目を閉じろ！
この願いが届かなくても
ずっと君に片想い
ラブウィンドウ

ロマンティック病

フワリフワリ　浮き上がれ！
現実は忘れよう
悲しみはここに捨てて　心　軽くなって
夢を見ればバラ色
フワリフワリ　浮き上がれ！
ときめきを思い出せ！
この想いが叶わなくても
今の僕は最高だ
ラブバルーン",https://www.uta-net.com/song/233663/